species,image_url
"Black-winged Kite
",https://inaturalist-open-data.s3.amazonaws.com/photos/4939/small.jpg
"African Fish Eagle
",https://inaturalist-open-data.s3.amazonaws.com/photos/32106/small.jpg
"Crowned Hawk-Eagle
",https://inaturalist-open-data.s3.amazonaws.com/photos/734476/small.jpg
"Honey Buzzard
",https://inaturalist-open-data.s3.amazonaws.com/photos/8970/small.jpg
"Long-crested Eagle
",https://inaturalist-open-data.s3.amazonaws.com/photos/33149/small.jpg
"Dark Chanting-Goshawk
",https://inaturalist-open-data.s3.amazonaws.com/photos/188597/small.jpg
"Eastern Chanting-Goshawk
",https://inaturalist-open-data.s3.amazonaws.com/photos/33623/small.jpg
"Martial Eagle
",https://inaturalist-open-data.s3.amazonaws.com/photos/8648/small.jpg
"Egyptian Vulture
",https://inaturalist-open-data.s3.amazonaws.com/photos/6572/small.jpg
"White-backed Vulture
",https://inaturalist-open-data.s3.amazonaws.com/photos/7899/small.jpg
"Rueppell's Griffon
",https://inaturalist-open-data.s3.amazonaws.com/photos/782496/small.jpg
"Grasshopper Buzzard
",https://inaturalist-open-data.s3.amazonaws.com/photos/782487/small.jpg
"Lammergeier
",https://inaturalist-open-data.s3.amazonaws.com/photos/135778/small.jpg
"White-headed Vulture
",https://inaturalist-open-data.s3.amazonaws.com/photos/43728/small.jpg
"Bat Hawk
",https://inaturalist-open-data.s3.amazonaws.com/photos/669069/small.jpg
"Palm-nut Vulture
",https://inaturalist-open-data.s3.amazonaws.com/photos/78389/small.jpg
"Hooded Vulture
",https://inaturalist-open-data.s3.amazonaws.com/photos/8078/small.jpg
"Scissor-tailed Kite
",https://inaturalist-open-data.s3.amazonaws.com/photos/149425/small.jpg
"Lizard Buzzard
",https://inaturalist-open-data.s3.amazonaws.com/photos/795373/small.jpg
"Kori Bustard
",https://inaturalist-open-data.s3.amazonaws.com/photos/224407/small.jpg
"Stanley Bustard
",https://inaturalist-open-data.s3.amazonaws.com/photos/188787/small.jpg
"Heuglin's Bustard
",https://inaturalist-open-data.s3.amazonaws.com/photos/644832/small.jpg
"White-bellied Bustard
",https://inaturalist-open-data.s3.amazonaws.com/photos/33617/small.jpg
"Red-footed Booby
",https://inaturalist-open-data.s3.amazonaws.com/photos/6950/small.jpg
"Cape Gannet
",https://inaturalist-open-data.s3.amazonaws.com/photos/232453/small.jpg
"Great Cormorant
",https://inaturalist-open-data.s3.amazonaws.com/photos/6576/small.jpg
"African Darter
",https://inaturalist-open-data.s3.amazonaws.com/photos/6178/small.jpg
"Ethiopian Swallow
",https://www.inaturalist.org/assets/iconic_taxa/aves-75px.png
"Angola Swallow
",https://inaturalist-open-data.s3.amazonaws.com/photos/217669/small.jpg
"Blue Swallow
",https://www.inaturalist.org/assets/iconic_taxa/aves-75px.png
"Barn Swallow
",https://inaturalist-open-data.s3.amazonaws.com/photos/284814/small.jpg
"Wire-tailed Swallow
",https://inaturalist-open-data.s3.amazonaws.com/photos/54291/small.jpg
"Banded Martin
",https://inaturalist-open-data.s3.amazonaws.com/photos/22754/small.jpg
"Plain Martin
",https://inaturalist-open-data.s3.amazonaws.com/photos/188580/small.jpg
"Bank Swallow
",https://inaturalist-open-data.s3.amazonaws.com/photos/7767/small.jpg
"White-headed Sawwing
",https://inaturalist-open-data.s3.amazonaws.com/photos/217671/small.jpg
"Black Sawwing
",https://inaturalist-open-data.s3.amazonaws.com/photos/188581/small.jpg
"Long-tailed Fiscal
",https://inaturalist-open-data.s3.amazonaws.com/photos/217677/small.jpg
"Common Fiscal
",https://inaturalist-open-data.s3.amazonaws.com/photos/22584/small.jpg
"Red-backed Shrike
",https://inaturalist-open-data.s3.amazonaws.com/photos/5961/small.jpg
"Teita Fiscal
",https://inaturalist-open-data.s3.amazonaws.com/photos/217674/small.jpg
"Gray-backed Fiscal
",https://inaturalist-open-data.s3.amazonaws.com/photos/767825/small.jpg
"Rufous-tailed Shrike
",https://inaturalist-open-data.s3.amazonaws.com/photos/782574/small.jpg
"Mackinnon's Shrike
",https://inaturalist-open-data.s3.amazonaws.com/photos/91997/small.JPG
"Woodchat Shrike
",https://inaturalist-open-data.s3.amazonaws.com/photos/41749/small.jpg
"Somali Fiscal
",https://www.inaturalist.org/assets/iconic_taxa/aves-75px.png
"Yellow-billed Shrike
",https://inaturalist-open-data.s3.amazonaws.com/photos/8047/small.jpg
"White-rumped Shrike
",https://inaturalist-open-data.s3.amazonaws.com/photos/217680/small.jpg
"Cape Robin-Chat
",https://inaturalist-open-data.s3.amazonaws.com/photos/107300/small.jpg
"Blue-shouldered Robin-Chat
",https://www.inaturalist.org/assets/iconic_taxa/aves-75px.png
"White-browed Robin-Chat
",https://inaturalist-open-data.s3.amazonaws.com/photos/25749/small.jpg
"Red-capped Robin-Chat
",https://inaturalist-open-data.s3.amazonaws.com/photos/166024/small.jpg
"Snowy-crowned Robin-Chat
",https://inaturalist-open-data.s3.amazonaws.com/photos/90503/small.jpg
"Gray-winged Robin-Chat
",https://inaturalist-open-data.s3.amazonaws.com/photos/773826/small.jpg
"Rueppell's Robin-Chat
",https://inaturalist-open-data.s3.amazonaws.com/photos/641541/small.jpg
"African Gray Flycatcher
",https://inaturalist-open-data.s3.amazonaws.com/photos/217681/small.jpg
"Pale Flycatcher
",https://inaturalist-open-data.s3.amazonaws.com/photos/90507/small.jpg
"Red-breasted Wheatear
",https://www.inaturalist.org/assets/iconic_taxa/aves-75px.png
"Mourning Wheatear
",https://inaturalist-open-data.s3.amazonaws.com/photos/21804/small.jpg
"Northern Wheatear
",https://inaturalist-open-data.s3.amazonaws.com/photos/9082/small.jpg
"Pied Wheatear
",https://inaturalist-open-data.s3.amazonaws.com/photos/78177/small.jpg
"Yellow Flycatcher
",https://inaturalist-open-data.s3.amazonaws.com/photos/629649/small.jpg
"Olive Thrush
",https://inaturalist-open-data.s3.amazonaws.com/photos/20705/small.jpg
"African Thrush
",https://inaturalist-open-data.s3.amazonaws.com/photos/325017/small.JPG
"African Bare-eyed Thrush
",https://inaturalist-open-data.s3.amazonaws.com/photos/20695/small.jpg
"African Broadbill
",https://inaturalist-open-data.s3.amazonaws.com/photos/151947/small.jpg
"Brown-rumped Bunting
",https://www.inaturalist.org/assets/iconic_taxa/aves-75px.png
"Golden-breasted Bunting
",https://inaturalist-open-data.s3.amazonaws.com/photos/15982/small.jpg
"Somali Bunting
",https://inaturalist-open-data.s3.amazonaws.com/photos/782471/small.jpg
"Striolated Bunting
",https://inaturalist-open-data.s3.amazonaws.com/photos/15984/small.jpg
"Cinnamon-breasted Bunting
",https://inaturalist-open-data.s3.amazonaws.com/photos/148281/small.jpg
"Black-headed Batis
",https://inaturalist-open-data.s3.amazonaws.com/photos/164285/small.jpg
"Short-tailed Batis
",https://www.inaturalist.org/assets/iconic_taxa/aves-75px.png
"Chinspot Batis
",https://inaturalist-open-data.s3.amazonaws.com/photos/25895/small.jpg
"Gray-headed Batis
",https://www.inaturalist.org/assets/iconic_taxa/aves-75px.png
"Pygmy Batis
",https://www.inaturalist.org/assets/iconic_taxa/aves-75px.png
"Pale Batis
",https://inaturalist-open-data.s3.amazonaws.com/photos/850675/small.jpg
"Chestnut Wattle-eye
",https://www.inaturalist.org/assets/iconic_taxa/aves-75px.png
"Yellow-bellied Wattle-eye
",https://www.inaturalist.org/assets/iconic_taxa/aves-75px.png
"Brown-throated Wattle-eye
",https://inaturalist-open-data.s3.amazonaws.com/photos/654454/small.jpg
"Jameson's Wattle-eye
",https://inaturalist-open-data.s3.amazonaws.com/photos/90550/small.jpg
"Black-throated Wattle-eye
",https://inaturalist-open-data.s3.amazonaws.com/photos/90552/small.jpg
"Gray Cuckoo-shrike
",https://inaturalist-open-data.s3.amazonaws.com/photos/90526/small.jpg
"White-breasted Cuckoo-shrike
",https://inaturalist-open-data.s3.amazonaws.com/photos/978351/small.jpg
"Black Cuckoo-shrike
",https://inaturalist-open-data.s3.amazonaws.com/photos/978349/small.jpg
"Petit's Cuckoo-shrike
",https://www.inaturalist.org/assets/iconic_taxa/aves-75px.png
"Red-shouldered Cuckoo-shrike
",https://www.inaturalist.org/assets/iconic_taxa/aves-75px.png
"Purple-throated Cuckoo-shrike
",https://www.inaturalist.org/assets/iconic_taxa/aves-75px.png
"Fork-tailed Drongo
",https://inaturalist-open-data.s3.amazonaws.com/photos/245337/small.jpg
"Square-tailed Drongo
",https://inaturalist-open-data.s3.amazonaws.com/photos/727576/small.jpg
"Gray-green Bushshrike
",https://www.inaturalist.org/assets/iconic_taxa/aves-75px.png
"Doherty's Bushshrike
",https://www.inaturalist.org/assets/iconic_taxa/aves-75px.png
"Black-fronted Bushshrike
",https://www.inaturalist.org/assets/iconic_taxa/aves-75px.png
"Orange-breasted Bush-Shrike
",https://inaturalist-open-data.s3.amazonaws.com/photos/25471/small.jpg
"Tropical Boubou
",https://inaturalist-open-data.s3.amazonaws.com/photos/24094/small.jpg
"Black-headed Gonolek
",https://www.inaturalist.org/assets/iconic_taxa/aves-75px.png
"Fuelleborn's Boubou
",https://www.inaturalist.org/assets/iconic_taxa/aves-75px.png
"Slate-colored Boubou
",https://inaturalist-open-data.s3.amazonaws.com/photos/24100/small.jpg
"Luehder's Bushshrike
",https://inaturalist-open-data.s3.amazonaws.com/photos/90570/small.jpg
"Papyrus Gonolek
",https://inaturalist-open-data.s3.amazonaws.com/photos/24103/small.jpg
"Red-naped Bushshrike
",https://www.inaturalist.org/assets/iconic_taxa/aves-75px.png
"Gray-headed Bushshrike
",https://inaturalist-open-data.s3.amazonaws.com/photos/649499/small.jpg
"Pink-footed Puffback
",https://www.inaturalist.org/assets/iconic_taxa/aves-75px.png
"Black-backed Puffback
",https://inaturalist-open-data.s3.amazonaws.com/photos/649512/small.jpg
"Northern Puffback
",https://inaturalist-open-data.s3.amazonaws.com/photos/90569/small.jpg
"Pringle's Puffback
",https://inaturalist-open-data.s3.amazonaws.com/photos/649508/small.jpg
"Brown-crowned Tchagra
",https://inaturalist-open-data.s3.amazonaws.com/photos/90566/small.jpg
"Three-streaked Tchagra
",https://inaturalist-open-data.s3.amazonaws.com/photos/90567/small.jpg
"Brubru
",https://inaturalist-open-data.s3.amazonaws.com/photos/649510/small.jpg
"Rosy-patched Bushshrike
",https://inaturalist-open-data.s3.amazonaws.com/photos/649519/small.jpg
"African Paradise-Flycatcher
",https://inaturalist-open-data.s3.amazonaws.com/photos/107683/small.jpg
"African Crested-Flycatcher
",https://inaturalist-open-data.s3.amazonaws.com/photos/323159/small.JPG
"African Golden Oriole
",https://inaturalist-open-data.s3.amazonaws.com/photos/92212/small.jpg
"Western Black-headed Oriole
",https://inaturalist-open-data.s3.amazonaws.com/photos/88533/small.JPG
"Green-headed Oriole
",https://inaturalist-open-data.s3.amazonaws.com/photos/92219/small.jpg
"Black-headed Oriole
",https://inaturalist-open-data.s3.amazonaws.com/photos/25790/small.jpg
"Eurasian Golden Oriole
",https://inaturalist-open-data.s3.amazonaws.com/photos/3598/small.jpg
"Black-tailed Oriole
",https://inaturalist-open-data.s3.amazonaws.com/photos/92220/small.jpg
"Black-and-white Shrike-flycatcher
",https://inaturalist-open-data.s3.amazonaws.com/photos/716545/small.jpg
"Rufous-naped Lark
",https://inaturalist-open-data.s3.amazonaws.com/photos/735864/small.jpg
"White-tailed Lark
",https://www.inaturalist.org/assets/iconic_taxa/aves-75px.png
"Singing Bushlark
",https://inaturalist-open-data.s3.amazonaws.com/photos/176747/small.jpg
"Collared Lark
",https://www.inaturalist.org/assets/iconic_taxa/aves-75px.png
"Gillett's Lark
",https://www.inaturalist.org/assets/iconic_taxa/aves-75px.png
"Red-winged Lark
",https://www.inaturalist.org/assets/iconic_taxa/aves-75px.png
"Friedmann's Lark
",https://www.inaturalist.org/assets/iconic_taxa/aves-75px.png
"Flappet Lark
",https://inaturalist-open-data.s3.amazonaws.com/photos/258469/small.jpg
"Williams's Lark
",https://www.inaturalist.org/assets/iconic_taxa/aves-75px.png
"Crested Lark
",https://inaturalist-open-data.s3.amazonaws.com/photos/4945/small.jpg
"Malabar Lark
",https://inaturalist-open-data.s3.amazonaws.com/photos/74644/small.jpg
"Thekla Lark
",https://inaturalist-open-data.s3.amazonaws.com/photos/74643/small.jpg
"Fischer's Sparrow-Lark
",https://inaturalist-open-data.s3.amazonaws.com/photos/735845/small.jpg
"Chestnut-backed Sparrow-Lark
",https://inaturalist-open-data.s3.amazonaws.com/photos/258476/small.jpg
"Red-capped Lark
",https://www.inaturalist.org/assets/iconic_taxa/aves-75px.png
"Somali Short-toed Lark
",https://www.inaturalist.org/assets/iconic_taxa/aves-75px.png
"Masked Lark
",https://www.inaturalist.org/assets/iconic_taxa/aves-75px.png
"Short-tailed Lark
",https://www.inaturalist.org/assets/iconic_taxa/aves-75px.png
"Spike-heeled Lark
",https://www.inaturalist.org/assets/iconic_taxa/aves-75px.png
"Spotted Creeper
",https://inaturalist-open-data.s3.amazonaws.com/photos/708025/small.jpg
"Aberdare Cisticola
",https://www.inaturalist.org/assets/iconic_taxa/aves-75px.png
"Rock-loving Cisticola
",https://inaturalist-open-data.s3.amazonaws.com/photos/667759/small.jpg
"Tabora Cisticola
",https://www.inaturalist.org/assets/iconic_taxa/aves-75px.png
"Desert Cisticola
",https://inaturalist-open-data.s3.amazonaws.com/photos/258453/small.jpg
"Wing-snapping Cisticola
",https://inaturalist-open-data.s3.amazonaws.com/photos/841218/small.jpg
"Boran Cisticola
",https://www.inaturalist.org/assets/iconic_taxa/aves-75px.png
"Siffling Cisticola
",https://inaturalist-open-data.s3.amazonaws.com/photos/667769/small.jpg
"Pectoral-patch Cisticola
",https://www.inaturalist.org/assets/iconic_taxa/aves-75px.png
"Singing Cisticola
",https://inaturalist-open-data.s3.amazonaws.com/photos/667755/small.jpg
"Carruthers's Cisticola
",https://www.inaturalist.org/assets/iconic_taxa/aves-75px.png
"Chubb's Cisticola
",https://www.inaturalist.org/assets/iconic_taxa/aves-75px.png
"Ashy Cisticola
",https://inaturalist-open-data.s3.amazonaws.com/photos/667751/small.jpg
"Red-faced Cisticola
",https://inaturalist-open-data.s3.amazonaws.com/photos/667752/small.jpg
"Black-necked Cisticola
",https://www.inaturalist.org/assets/iconic_taxa/aves-75px.png
"Winding Cisticola
",https://inaturalist-open-data.s3.amazonaws.com/photos/258454/small.jpg
"Hunter's Cisticola
",https://inaturalist-open-data.s3.amazonaws.com/photos/667764/small.jpg
"Zitting Cisticola
",https://inaturalist-open-data.s3.amazonaws.com/photos/529208/small.jpg
"Wailing Cisticola
",https://inaturalist-open-data.s3.amazonaws.com/photos/667754/small.jpg
"Whistling Cisticola
",https://www.inaturalist.org/assets/iconic_taxa/aves-75px.png
"Croaking Cisticola
",https://inaturalist-open-data.s3.amazonaws.com/photos/667763/small.jpg
"Tana River Cisticola
",https://www.inaturalist.org/assets/iconic_taxa/aves-75px.png
"Stout Cisticola
",https://inaturalist-open-data.s3.amazonaws.com/photos/667772/small.jpg
"Levaillant's Cisticola
",https://inaturalist-open-data.s3.amazonaws.com/photos/26535/small.jpg
"Foxy Cisticola
",https://www.inaturalist.org/assets/iconic_taxa/aves-75px.png
"Trilling Cisticola
",https://inaturalist-open-data.s3.amazonaws.com/photos/667757/small.jpg
"Banded Prinia
",https://www.inaturalist.org/assets/iconic_taxa/aves-75px.png
"Pale Prinia
",https://www.inaturalist.org/assets/iconic_taxa/aves-75px.png
"Tawny-flanked Prinia
",https://inaturalist-open-data.s3.amazonaws.com/photos/226274/small.jpg
"Green-backed Camaroptera
",https://inaturalist-open-data.s3.amazonaws.com/photos/163798/small.jpg
"Olive-green Camaroptera
",https://inaturalist-open-data.s3.amazonaws.com/photos/143944/small.jpg
"White-winged Apalis
",https://www.inaturalist.org/assets/iconic_taxa/aves-75px.png
"Gray Apalis
",https://www.inaturalist.org/assets/iconic_taxa/aves-75px.png
"Yellow-breasted Apalis
",https://inaturalist-open-data.s3.amazonaws.com/photos/258458/small.jpg
"Black-throated Apalis
",https://inaturalist-open-data.s3.amazonaws.com/photos/771494/small.jpg
"Karamoja Apalis
",https://www.inaturalist.org/assets/iconic_taxa/aves-75px.png
"Black-headed Apalis
",https://inaturalist-open-data.s3.amazonaws.com/photos/771477/small.jpg
"Chestnut-throated Apalis
",https://inaturalist-open-data.s3.amazonaws.com/photos/771480/small.jpg
"Gray-capped Warbler
",https://www.inaturalist.org/assets/iconic_taxa/aves-75px.png
"White-necked Raven
",https://inaturalist-open-data.s3.amazonaws.com/photos/35092/small.jpg
"Pied Crow
",https://inaturalist-open-data.s3.amazonaws.com/photos/32121/small.jpg
"Cape Crow
",https://inaturalist-open-data.s3.amazonaws.com/photos/151745/small.jpg
"Fan-tailed Raven
",https://inaturalist-open-data.s3.amazonaws.com/photos/35099/small.jpg
"Brown-necked Raven
",https://inaturalist-open-data.s3.amazonaws.com/photos/35093/small.jpg
"House Crow
",https://inaturalist-open-data.s3.amazonaws.com/photos/32119/small.jpg
"Piapiac
",https://inaturalist-open-data.s3.amazonaws.com/photos/151770/small.jpg
"Oriole Finch
",https://www.inaturalist.org/assets/iconic_taxa/aves-75px.png
"Black-throated Canary
",https://inaturalist-open-data.s3.amazonaws.com/photos/164283/small.jpg
"Southern Grosbeak-Canary
",https://inaturalist-open-data.s3.amazonaws.com/photos/987815/small.jpg
"Thick-billed Seedeater
",https://www.inaturalist.org/assets/iconic_taxa/aves-75px.png
"African Citril
",https://www.inaturalist.org/assets/iconic_taxa/aves-75px.png
"Northern Grosbeak-Canary
",https://www.inaturalist.org/assets/iconic_taxa/aves-75px.png
"White-bellied Canary
",https://inaturalist-open-data.s3.amazonaws.com/photos/987794/small.jpg
"Western Citril
",https://inaturalist-open-data.s3.amazonaws.com/photos/987811/small.jpg
"Streaky-headed Seedeater
",https://inaturalist-open-data.s3.amazonaws.com/photos/323175/small.JPG
"Southern Citril
",https://www.inaturalist.org/assets/iconic_taxa/aves-75px.png
"Papyrus Canary
",https://www.inaturalist.org/assets/iconic_taxa/aves-75px.png
"Tanzania Seedeater
",https://www.inaturalist.org/assets/iconic_taxa/aves-75px.png
"Yellow-fronted Canary
",https://inaturalist-open-data.s3.amazonaws.com/photos/68164/small.jpg
"Reichard's Seedeater
",https://www.inaturalist.org/assets/iconic_taxa/aves-75px.png
"Streaky Seedeater
",https://inaturalist-open-data.s3.amazonaws.com/photos/164089/small.jpg
"Brimstone Canary
",https://inaturalist-open-data.s3.amazonaws.com/photos/258463/small.jpg
"Black Coucal
",https://inaturalist-open-data.s3.amazonaws.com/photos/65310/small.jpg
"Blue-headed Coucal
",https://inaturalist-open-data.s3.amazonaws.com/photos/103673/small.jpg
"Senegal Coucal
",https://inaturalist-open-data.s3.amazonaws.com/photos/8435/small.jpg
"White-browed Coucal
",https://inaturalist-open-data.s3.amazonaws.com/photos/31625/small.jpg
"Dideric Cuckoo
",https://inaturalist-open-data.s3.amazonaws.com/photos/649468/small.jpg
"African Emerald Cuckoo
",https://inaturalist-open-data.s3.amazonaws.com/photos/632922/small.jpg
"Klaas's Cuckoo
",https://inaturalist-open-data.s3.amazonaws.com/photos/103675/small.jpg
"Great Spotted Cuckoo
",https://inaturalist-open-data.s3.amazonaws.com/photos/81559/small.jpg
"Jacobin Cuckoo
",https://inaturalist-open-data.s3.amazonaws.com/photos/25989/small.jpg
"Levaillant's Cuckoo
",https://inaturalist-open-data.s3.amazonaws.com/photos/103679/small.jpg
"Common Cuckoo
",https://inaturalist-open-data.s3.amazonaws.com/photos/8823/small.jpg
"Black Cuckoo
",https://inaturalist-open-data.s3.amazonaws.com/photos/103684/small.jpg
"African Cuckoo
",https://inaturalist-open-data.s3.amazonaws.com/photos/103683/small.jpg
"Lesser Cuckoo
",https://inaturalist-open-data.s3.amazonaws.com/photos/16892/small.jpg
"Madagascar Cuckoo
",https://inaturalist-open-data.s3.amazonaws.com/photos/811368/small.jpg
"Red-chested Cuckoo
",https://inaturalist-open-data.s3.amazonaws.com/photos/103680/small.jpg
"Barred Long-tailed Cuckoo
",https://www.inaturalist.org/assets/iconic_taxa/aves-75px.png
"Thick-billed Cuckoo
",https://www.inaturalist.org/assets/iconic_taxa/aves-75px.png
"Yellowbill
",https://inaturalist-open-data.s3.amazonaws.com/photos/103685/small.jpg
"Fischer's Turaco
",https://inaturalist-open-data.s3.amazonaws.com/photos/807860/small.jpg
"Hartlaub's Turaco
",https://inaturalist-open-data.s3.amazonaws.com/photos/807856/small.jpg
"White-crested Turaco
",https://inaturalist-open-data.s3.amazonaws.com/photos/6294/small.jpg
"Purple-crested Turaco
",https://inaturalist-open-data.s3.amazonaws.com/photos/32472/small.jpg
"Schalow's Turaco
",https://www.inaturalist.org/assets/iconic_taxa/aves-75px.png
"White-bellied Go-away Bird
",https://inaturalist-open-data.s3.amazonaws.com/photos/12563/small.jpg
"Bare-faced Go-away Bird
",https://inaturalist-open-data.s3.amazonaws.com/photos/654973/small.jpg
"Ross's Turaco
",https://inaturalist-open-data.s3.amazonaws.com/photos/32467/small.jpg
"Eastern Grey Plantain-eater
",https://inaturalist-open-data.s3.amazonaws.com/photos/5522/small.jpg
"Great Blue Turaco
",https://inaturalist-open-data.s3.amazonaws.com/photos/646818/small.jpg
"Whitethroated Bee-eater
",https://inaturalist-open-data.s3.amazonaws.com/photos/88753/small.jpg
"European Bee-Eater
",https://inaturalist-open-data.s3.amazonaws.com/photos/25156/small.jpg
"White-fronted Bee-eater
",https://inaturalist-open-data.s3.amazonaws.com/photos/34910/small.jpg
"Swallow-tailed Bee-eater
",https://inaturalist-open-data.s3.amazonaws.com/photos/8080/small.jpg
"Blue-headed Bee-eater
",https://inaturalist-open-data.s3.amazonaws.com/photos/656467/small.jpg
"Northern Carmine Bee-eater
",https://inaturalist-open-data.s3.amazonaws.com/photos/156585/small.jpg
"Cinnamon-chested Bee-eater
",https://inaturalist-open-data.s3.amazonaws.com/photos/656341/small.jpg
"Blue-cheeked Bee-eater
",https://inaturalist-open-data.s3.amazonaws.com/photos/49854/small.jpg
"Little Bee-eater
",https://inaturalist-open-data.s3.amazonaws.com/photos/7903/small.jpg
"Somali Bee-eater
",https://inaturalist-open-data.s3.amazonaws.com/photos/656463/small.jpg
"Madagascar Bee-eater
",https://inaturalist-open-data.s3.amazonaws.com/photos/629553/small.jpg
"Blue-breasted Bee-eater
",https://inaturalist-open-data.s3.amazonaws.com/photos/656471/small.jpg
"Abyssinian Roller
",https://inaturalist-open-data.s3.amazonaws.com/photos/7433/small.jpg
"Lilac-breasted Roller
",https://inaturalist-open-data.s3.amazonaws.com/photos/8050/small.jpg
"European Roller
",https://inaturalist-open-data.s3.amazonaws.com/photos/5909/small.jpg
"Broad-billed Roller
",https://inaturalist-open-data.s3.amazonaws.com/photos/802988/small.jpg
"Brown-hooded Kingfisher
",https://inaturalist-open-data.s3.amazonaws.com/photos/740247/small.jpg
"Striped Kingfisher
",https://inaturalist-open-data.s3.amazonaws.com/photos/24008/small.jpg
"Gray-headed Kingfisher
",https://inaturalist-open-data.s3.amazonaws.com/photos/24006/small.jpg
"Woodland Kingfisher
",https://inaturalist-open-data.s3.amazonaws.com/photos/24010/small.jpg
"Mangrove Kingfisher
",https://inaturalist-open-data.s3.amazonaws.com/photos/632917/small.jpg
"Shining-blue Kingfisher
",https://inaturalist-open-data.s3.amazonaws.com/photos/215240/small.jpg
"Half-collared Kingfisher
",https://inaturalist-open-data.s3.amazonaws.com/photos/324776/small.jpg
"Pied Kingfisher
",https://inaturalist-open-data.s3.amazonaws.com/photos/680631/small.jpg
"Crowned Hornbill
",https://inaturalist-open-data.s3.amazonaws.com/photos/25794/small.jpg
"Von der Decken's Hornbill
",https://inaturalist-open-data.s3.amazonaws.com/photos/33620/small.jpg
"Red-billed Hornbill
",https://inaturalist-open-data.s3.amazonaws.com/photos/63686/small.jpg
"African Pied Hornbill
",https://inaturalist-open-data.s3.amazonaws.com/photos/16525/small.jpg
"Eastern Yellow-bellied Hornbill
",https://inaturalist-open-data.s3.amazonaws.com/photos/645164/small.jpg
"Hemprich's Hornbill
",https://inaturalist-open-data.s3.amazonaws.com/photos/645870/small.jpg
"Jackson's Hornbill
",https://inaturalist-open-data.s3.amazonaws.com/photos/645874/small.jpg
"African Grey Hornbill
",https://inaturalist-open-data.s3.amazonaws.com/photos/82082/small.jpg
"Northern Ground Hornbill
",https://inaturalist-open-data.s3.amazonaws.com/photos/3665/small.jpg
"Cape Turtle Dove
",https://inaturalist-open-data.s3.amazonaws.com/photos/22745/small.jpg
"African Mourning Dove
",https://inaturalist-open-data.s3.amazonaws.com/photos/137050/small.jpg
"Dusky Turtle-Dove
",https://inaturalist-open-data.s3.amazonaws.com/photos/220404/small.jpg
"White-winged Collared-Dove
",https://www.inaturalist.org/assets/iconic_taxa/aves-75px.png
"Red-eyed Dove
",https://inaturalist-open-data.s3.amazonaws.com/photos/20792/small.jpg
"Vinaceous Dove
",https://inaturalist-open-data.s3.amazonaws.com/photos/350955/small.jpg
"Rameron Pigeon
",https://www.inaturalist.org/assets/iconic_taxa/aves-75px.png
"Delegorgue's Pigeon
",https://inaturalist-open-data.s3.amazonaws.com/photos/220408/small.jpg
"Speckled Pigeon
",https://inaturalist-open-data.s3.amazonaws.com/photos/22746/small.jpg
"Black-billed Wood-Dove
",https://inaturalist-open-data.s3.amazonaws.com/photos/711005/small.jpg
"Blue-spotted Wood-Dove
",https://inaturalist-open-data.s3.amazonaws.com/photos/800057/small.jpg
"Emerald-spotted Wood-Dove
",https://inaturalist-open-data.s3.amazonaws.com/photos/171772/small.jpg
"Tambourine Dove
",https://inaturalist-open-data.s3.amazonaws.com/photos/708932/small.jpg
"African Green Pigeon
",https://inaturalist-open-data.s3.amazonaws.com/photos/25745/small.jpg
"Bruce's Green-Pigeon
",https://inaturalist-open-data.s3.amazonaws.com/photos/135844/small.jpg
"Namaqua Dove
",https://inaturalist-open-data.s3.amazonaws.com/photos/46720/small.jpg
"Blue-naped Mousebird
",https://inaturalist-open-data.s3.amazonaws.com/photos/657294/small.jpg
"White-headed Mousebird
",https://inaturalist-open-data.s3.amazonaws.com/photos/863784/small.jpg
"Speckled Mousebird
",https://inaturalist-open-data.s3.amazonaws.com/photos/161352/small.jpg
"Abdim's Stork
",https://inaturalist-open-data.s3.amazonaws.com/photos/228937/small.jpg
"White Stork
",https://inaturalist-open-data.s3.amazonaws.com/photos/104665/small.jpg
"Woolly-necked Stork
",https://inaturalist-open-data.s3.amazonaws.com/photos/152467/small.jpg
"Black Stork
",https://inaturalist-open-data.s3.amazonaws.com/photos/55237/small.jpg
"Yellow-billed Stork
",https://www.inaturalist.org/assets/iconic_taxa/aves-75px.png
"Saddle-billed Stork
",https://www.inaturalist.org/assets/iconic_taxa/aves-75px.png
"African Openbilled Stork
",https://inaturalist-open-data.s3.amazonaws.com/photos/21248/small.jpg
"Little Crake
",https://inaturalist-open-data.s3.amazonaws.com/photos/8819/small.jpg
"Spotted Crake
",https://inaturalist-open-data.s3.amazonaws.com/photos/8817/small.jpg
"Baillon's Crake
",https://inaturalist-open-data.s3.amazonaws.com/photos/232373/small.jpg
"Black Crake
",https://inaturalist-open-data.s3.amazonaws.com/photos/56392/small.jpg
"African Rail
",https://inaturalist-open-data.s3.amazonaws.com/photos/324778/small.jpg
"Lesser Moorhen
",https://inaturalist-open-data.s3.amazonaws.com/photos/648314/small.jpg
"Corn Crake
",https://inaturalist-open-data.s3.amazonaws.com/photos/8801/small.jpg
"Red-knobbed Coot
",https://inaturalist-open-data.s3.amazonaws.com/photos/8795/small.jpg
"Allen's Gallinule
",https://inaturalist-open-data.s3.amazonaws.com/photos/648318/small.jpg
"Purple Swamphen
",https://inaturalist-open-data.s3.amazonaws.com/photos/7223/small.jpg
"Striped Crake
",https://www.inaturalist.org/assets/iconic_taxa/aves-75px.png
"Black Crowned-Crane
",https://inaturalist-open-data.s3.amazonaws.com/photos/87603/small.jpg
"Grey Crowned Crane
",https://inaturalist-open-data.s3.amazonaws.com/photos/5752/small.jpg
"Striped Flufftail
",https://www.inaturalist.org/assets/iconic_taxa/aves-75px.png
"Streaky-breasted Flufftail
",https://www.inaturalist.org/assets/iconic_taxa/aves-75px.png
"Buff-spotted Flufftail
",https://inaturalist-open-data.s3.amazonaws.com/photos/171768/small.jpg
"White-spotted Flufftail
",https://inaturalist-open-data.s3.amazonaws.com/photos/171767/small.jpg
"Red-chested Flufftail
",https://www.inaturalist.org/assets/iconic_taxa/aves-75px.png
"African Finfoot
",https://inaturalist-open-data.s3.amazonaws.com/photos/860506/small.jpg
"Sabine's Spinetail
",https://www.inaturalist.org/assets/iconic_taxa/aves-75px.png
"Little Swift
",https://inaturalist-open-data.s3.amazonaws.com/photos/22792/small.jpg
"Common Swift
",https://inaturalist-open-data.s3.amazonaws.com/photos/8978/small.jpg
"Forbes-Watson's Swift
",https://www.inaturalist.org/assets/iconic_taxa/aves-75px.png
"White-rumped Swift
",https://inaturalist-open-data.s3.amazonaws.com/photos/35014/small.jpg
"Nyanza Swift
",https://www.inaturalist.org/assets/iconic_taxa/aves-75px.png
"African Palm-Swift
",https://inaturalist-open-data.s3.amazonaws.com/photos/143939/small.jpg
"Bat-like Spinetail
",https://www.inaturalist.org/assets/iconic_taxa/aves-75px.png
"Scarce Swift
",https://www.inaturalist.org/assets/iconic_taxa/aves-75px.png
"Mottled Spinetail
",https://www.inaturalist.org/assets/iconic_taxa/aves-75px.png
"Stone Partridge
",https://www.inaturalist.org/assets/iconic_taxa/aves-75px.png
"Helmeted Guineafowl
",https://inaturalist-open-data.s3.amazonaws.com/photos/8758/small.jpg
"Crested Guineafowl
",https://www.inaturalist.org/assets/iconic_taxa/aves-75px.png
"Vulturine Guineafowl
",https://inaturalist-open-data.s3.amazonaws.com/photos/10605/small.jpg
"Red-necked Francolin
",https://inaturalist-open-data.s3.amazonaws.com/photos/33616/small.jpg
"Chestnut-naped Francolin
",https://www.inaturalist.org/assets/iconic_taxa/aves-75px.png
"Clapperton's Francolin
",https://www.inaturalist.org/assets/iconic_taxa/aves-75px.png
"Coqui Francolin
",https://inaturalist-open-data.s3.amazonaws.com/photos/5844/small.jpg
"Hildebrandt's Francolin
",https://inaturalist-open-data.s3.amazonaws.com/photos/776673/small.jpg
"Jackson's Francolin
",https://www.inaturalist.org/assets/iconic_taxa/aves-75px.png
"Yellow-necked Francolin
",https://inaturalist-open-data.s3.amazonaws.com/photos/33621/small.jpg
"Red-wing Francolin
",https://inaturalist-open-data.s3.amazonaws.com/photos/730057/small.jpg
"Moorland Francolin
",https://www.inaturalist.org/assets/iconic_taxa/aves-75px.png
"Crested Francolin
",https://inaturalist-open-data.s3.amazonaws.com/photos/33622/small.jpg
"Shelley's Francolin
",https://www.inaturalist.org/assets/iconic_taxa/aves-75px.png
"Scaly Francolin
",https://inaturalist-open-data.s3.amazonaws.com/photos/776670/small.jpg
"Ring-necked Francolin
",https://www.inaturalist.org/assets/iconic_taxa/aves-75px.png
"Common Quail
",https://inaturalist-open-data.s3.amazonaws.com/photos/8821/small.jpg
"Harlequin Quail
",https://inaturalist-open-data.s3.amazonaws.com/photos/6148/small.jpg
"Egyptian Plover
",https://inaturalist-open-data.s3.amazonaws.com/photos/801857/small.jpg
"Sanderling
",https://inaturalist-open-data.s3.amazonaws.com/photos/4803/small.jpg
"Curlew Sandpiper
",https://inaturalist-open-data.s3.amazonaws.com/photos/16919/small.jpg
"Little Stint
",https://inaturalist-open-data.s3.amazonaws.com/photos/16914/small.jpg
"Temminck's Stint
",https://inaturalist-open-data.s3.amazonaws.com/photos/16913/small.jpg
"Spotted Redshank
",https://inaturalist-open-data.s3.amazonaws.com/photos/16921/small.jpg
"Wood Sandpiper
",https://inaturalist-open-data.s3.amazonaws.com/photos/26048/small.jpg
"Common Greenshank
",https://inaturalist-open-data.s3.amazonaws.com/photos/3580/small.jpg
"Green Sandpiper
",https://inaturalist-open-data.s3.amazonaws.com/photos/8829/small.jpg
"Marsh Sandpiper
",https://inaturalist-open-data.s3.amazonaws.com/photos/16920/small.jpg
"Common Redshank
",https://inaturalist-open-data.s3.amazonaws.com/photos/5641/small.jpg
"Eurasian Curlew
",https://inaturalist-open-data.s3.amazonaws.com/photos/6081/small.jpg
"Whimbrel
",https://inaturalist-open-data.s3.amazonaws.com/photos/4281/small.jpg
"Jack Snipe
",https://inaturalist-open-data.s3.amazonaws.com/photos/65314/small.jpg
"Great Snipe
",https://inaturalist-open-data.s3.amazonaws.com/photos/73946/small.jpg
"African Snipe
",https://inaturalist-open-data.s3.amazonaws.com/photos/99521/small.jpg
"Ruddy Turnstone
",https://inaturalist-open-data.s3.amazonaws.com/photos/7613/small.jpg
"Bar-tailed Godwit
",https://inaturalist-open-data.s3.amazonaws.com/photos/8832/small.jpg
"Black-tailed Godwit
",https://inaturalist-open-data.s3.amazonaws.com/photos/8837/small.jpg
"Terek Sandpiper
",https://inaturalist-open-data.s3.amazonaws.com/photos/67447/small.jpg
"Common Sandpiper
",https://inaturalist-open-data.s3.amazonaws.com/photos/8839/small.jpg
"Greater Painted-snipe
",https://inaturalist-open-data.s3.amazonaws.com/photos/66498/small.jpg
"Herring Gull
",https://inaturalist-open-data.s3.amazonaws.com/photos/382059/small.jpg
"Lesser Black-backed Gull
",https://inaturalist-open-data.s3.amazonaws.com/photos/8849/small.jpg
"Roseate Tern
",https://inaturalist-open-data.s3.amazonaws.com/photos/65315/small.jpg
"Common Tern
",https://inaturalist-open-data.s3.amazonaws.com/photos/8932/small.jpg
"White-cheeked Tern
",https://inaturalist-open-data.s3.amazonaws.com/photos/315198/small.jpg
"Black-naped Tern
",https://www.inaturalist.org/assets/iconic_taxa/aves-75px.png
"African Skimmer
",https://inaturalist-open-data.s3.amazonaws.com/photos/6283/small.jpg
"White-winged Tern
",https://inaturalist-open-data.s3.amazonaws.com/photos/26147/small.jpg
"African Jacana
",https://inaturalist-open-data.s3.amazonaws.com/photos/8075/small.jpg
"Lesser Jacana
",https://inaturalist-open-data.s3.amazonaws.com/photos/760190/small.jpg
"Cream-colored Courser
",https://inaturalist-open-data.s3.amazonaws.com/photos/54686/small.jpg
"Temminck's Courser
",https://inaturalist-open-data.s3.amazonaws.com/photos/650625/small.jpg
"Black-winged Pratincole
",https://inaturalist-open-data.s3.amazonaws.com/photos/54682/small.jpg
"Rock Pratincole
",https://inaturalist-open-data.s3.amazonaws.com/photos/54681/small.jpg
"Madagascar Pratincole
",https://inaturalist-open-data.s3.amazonaws.com/photos/54677/small.jpg
"Collared Pratincole
",https://inaturalist-open-data.s3.amazonaws.com/photos/54672/small.jpg
"Bronze-winged Courser
",https://inaturalist-open-data.s3.amazonaws.com/photos/46721/small.jpg
"Three-banded Courser
",https://inaturalist-open-data.s3.amazonaws.com/photos/54689/small.jpg
"Kentish Plover
",https://inaturalist-open-data.s3.amazonaws.com/photos/4777/small.jpg
"Caspian Plover
",https://inaturalist-open-data.s3.amazonaws.com/photos/23634/small.jpg
"Little Ringed Plover
",https://inaturalist-open-data.s3.amazonaws.com/photos/8957/small.jpg
"Common Ringed Plover
",https://inaturalist-open-data.s3.amazonaws.com/photos/8955/small.jpg
"Greater Sand Plover
",https://inaturalist-open-data.s3.amazonaws.com/photos/23625/small.jpg
"White-fronted Plover
",https://inaturalist-open-data.s3.amazonaws.com/photos/23636/small.jpg
"Lesser Sand-Plover
",https://inaturalist-open-data.s3.amazonaws.com/photos/23618/small.jpg
"Chestnut-banded Plover
",https://inaturalist-open-data.s3.amazonaws.com/photos/23632/small.jpg
"Kittlitz's Plover
",https://inaturalist-open-data.s3.amazonaws.com/photos/23658/small.jpg
"Three-banded Plover
",https://inaturalist-open-data.s3.amazonaws.com/photos/23638/small.jpg
"Blacksmith Lapwing
",https://inaturalist-open-data.s3.amazonaws.com/photos/7414/small.jpg
"Crowned Lapwing
",https://inaturalist-open-data.s3.amazonaws.com/photos/7421/small.jpg
"Long-toed Lapwing
",https://inaturalist-open-data.s3.amazonaws.com/photos/33171/small.jpg
"Senegal Lapwing
",https://inaturalist-open-data.s3.amazonaws.com/photos/291990/small.jpg
"Black-winged Lapwing
",https://inaturalist-open-data.s3.amazonaws.com/photos/633508/small.jpg
"African Wattled Lapwing
",https://inaturalist-open-data.s3.amazonaws.com/photos/31892/small.jpg
"Spur-winged Lapwing
",https://inaturalist-open-data.s3.amazonaws.com/photos/8192/small.jpg
"Brown-chested Lapwing
",https://www.inaturalist.org/assets/iconic_taxa/aves-75px.png
"Black-headed Lapwing
",https://inaturalist-open-data.s3.amazonaws.com/photos/31907/small.jpg
"Pacific Golden-Plover
",https://inaturalist-open-data.s3.amazonaws.com/photos/5800/small.jpg
"Black-bellied Plover
",https://inaturalist-open-data.s3.amazonaws.com/photos/5802/small.jpg
"Spotted Thick-knee
",https://inaturalist-open-data.s3.amazonaws.com/photos/171774/small.jpg
"Senegal Thick-knee
",https://inaturalist-open-data.s3.amazonaws.com/photos/686360/small.jpg
"Water Thick-knee
",https://inaturalist-open-data.s3.amazonaws.com/photos/666581/small.jpg
"Crab Plover
",https://inaturalist-open-data.s3.amazonaws.com/photos/3467/small.jpg
"European Oystercatcher
",https://inaturalist-open-data.s3.amazonaws.com/photos/4701/small.jpg
"Black-winged Stilt
",https://inaturalist-open-data.s3.amazonaws.com/photos/3621/small.jpg
"Pied Avocet
",https://inaturalist-open-data.s3.amazonaws.com/photos/8186/small.jpg
"Pomarine Jaeger
",https://inaturalist-open-data.s3.amazonaws.com/photos/19752/small.jpg
"Great Crested Grebe
",https://inaturalist-open-data.s3.amazonaws.com/photos/3247/small.jpg
"Eared Grebe
",https://inaturalist-open-data.s3.amazonaws.com/photos/1562/small.jpg
"Little Grebe
",https://inaturalist-open-data.s3.amazonaws.com/photos/8844/small.jpg
"Wedge-tailed Shearwater
",https://inaturalist-open-data.s3.amazonaws.com/photos/20021/small.jpg
"Matsudaira's Storm-Petrel
",https://inaturalist-open-data.s3.amazonaws.com/photos/232431/small.jpg
"Wilson's Storm-Petrel
",https://inaturalist-open-data.s3.amazonaws.com/photos/17828/small.jpg
"Black-bellied Storm-Petrel
",https://inaturalist-open-data.s3.amazonaws.com/photos/232435/small.jpg
"African Spoonbill
",https://inaturalist-open-data.s3.amazonaws.com/photos/333406/small.JPG
"African Sacred Ibis
",https://inaturalist-open-data.s3.amazonaws.com/photos/29838/small.jpg
"Hadada
",https://inaturalist-open-data.s3.amazonaws.com/photos/20790/small.jpg
"Olive Ibis
",https://inaturalist-open-data.s3.amazonaws.com/photos/963671/small.jpg
"Glossy Ibis
",https://inaturalist-open-data.s3.amazonaws.com/photos/149019/small.jpg
"Hamerkop
",https://inaturalist-open-data.s3.amazonaws.com/photos/7908/small.jpg
"Great White Pelican
",https://inaturalist-open-data.s3.amazonaws.com/photos/16027/small.jpg
"Pink-backed Pelican
",https://inaturalist-open-data.s3.amazonaws.com/photos/16030/small.jpg
"Black Heron
",https://inaturalist-open-data.s3.amazonaws.com/photos/21821/small.jpg
"Little Egret
",https://inaturalist-open-data.s3.amazonaws.com/photos/7789/small.jpg
"Western Reef Egret
",https://inaturalist-open-data.s3.amazonaws.com/photos/4936/small.jpg
"Grey Heron
",https://inaturalist-open-data.s3.amazonaws.com/photos/3573/small.jpg
"Goliath Heron
",https://inaturalist-open-data.s3.amazonaws.com/photos/7627/small.jpg
"Black-headed Heron
",https://inaturalist-open-data.s3.amazonaws.com/photos/7630/small.jpg
"Purple Heron
",https://inaturalist-open-data.s3.amazonaws.com/photos/7625/small.jpg
"Madagascar Pond Heron
",https://inaturalist-open-data.s3.amazonaws.com/photos/135677/small.jpg
"Squacco Heron
",https://inaturalist-open-data.s3.amazonaws.com/photos/31944/small.jpg
"Rufous-bellied Heron
",https://inaturalist-open-data.s3.amazonaws.com/photos/25786/small.jpg
"Little Bittern
",https://inaturalist-open-data.s3.amazonaws.com/photos/8859/small.jpg
"Dwarf Bittern
",https://inaturalist-open-data.s3.amazonaws.com/photos/89122/small.jpg
"Cattle Egret
",https://www.inaturalist.org/assets/iconic_taxa/aves-75px.png
"Intermediate Egret
",https://inaturalist-open-data.s3.amazonaws.com/photos/776662/small.jpg
"White-backed Night-heron
",https://inaturalist-open-data.s3.amazonaws.com/photos/732764/small.jpg
"Shoebill
",https://inaturalist-open-data.s3.amazonaws.com/photos/16032/small.jpg
"Lesser Kestrel
",https://inaturalist-open-data.s3.amazonaws.com/photos/665540/small.jpg
"Amur Falcon
",https://inaturalist-open-data.s3.amazonaws.com/photos/19792/small.jpg
"Grey Kestrel
",https://inaturalist-open-data.s3.amazonaws.com/photos/665407/small.jpg
"Lanner Falcon
",https://inaturalist-open-data.s3.amazonaws.com/photos/19788/small.jpg
"Saker Falcon
",https://inaturalist-open-data.s3.amazonaws.com/photos/19794/small.jpg
"Red-necked Falcon
",https://inaturalist-open-data.s3.amazonaws.com/photos/19780/small.jpg
"African Hobby
",https://inaturalist-open-data.s3.amazonaws.com/photos/188605/small.jpg
"Dickinson's Kestrel
",https://inaturalist-open-data.s3.amazonaws.com/photos/961887/small.jpg
"Taita Falcon
",https://inaturalist-open-data.s3.amazonaws.com/photos/782451/small.jpg
"Peregrine Falcon
",https://inaturalist-open-data.s3.amazonaws.com/photos/1022/small.jpg
"Greater Kestrel
",https://inaturalist-open-data.s3.amazonaws.com/photos/43717/small.jpg
"Eurasian Kestrel
",https://inaturalist-open-data.s3.amazonaws.com/photos/8853/small.jpg
"Red-footed Falcon
",https://inaturalist-open-data.s3.amazonaws.com/photos/19777/small.jpg
"African Pygmy Falcon
",https://inaturalist-open-data.s3.amazonaws.com/photos/782457/small.jpg
"Fulvous Whistling-Duck
",https://inaturalist-open-data.s3.amazonaws.com/photos/9159/small.jpg
"White-faced Whistling Duck
",https://inaturalist-open-data.s3.amazonaws.com/photos/21846/small.jpg
"White-backed Duck
",https://inaturalist-open-data.s3.amazonaws.com/photos/135982/small.jpg
"Cape Teal
",https://inaturalist-open-data.s3.amazonaws.com/photos/782508/small.jpg
"Green-winged Teal
",https://inaturalist-open-data.s3.amazonaws.com/photos/1768/small.jpg
"Red-billed Teal
",https://inaturalist-open-data.s3.amazonaws.com/photos/669087/small.jpg
"Hottentot Teal
",https://inaturalist-open-data.s3.amazonaws.com/photos/164325/small.jpg
"Eurasian Wigeon
",https://inaturalist-open-data.s3.amazonaws.com/photos/993/small.jpg
"Mallard
",https://inaturalist-open-data.s3.amazonaws.com/photos/1106/small.jpg
"Garganey
",https://inaturalist-open-data.s3.amazonaws.com/photos/8980/small.jpg
"African Black Duck
",https://inaturalist-open-data.s3.amazonaws.com/photos/164319/small.jpg
"Gadwall
",https://inaturalist-open-data.s3.amazonaws.com/photos/1882/small.jpg
"yellow-billed duck
",https://inaturalist-open-data.s3.amazonaws.com/photos/26122/small.jpg
"Common Pochard
",https://inaturalist-open-data.s3.amazonaws.com/photos/8985/small.jpg
"Tufted Duck
",https://inaturalist-open-data.s3.amazonaws.com/photos/1377/small.jpg
"Maccoa Duck
",https://inaturalist-open-data.s3.amazonaws.com/photos/21992/small.jpg
"Southern Pochard
",https://inaturalist-open-data.s3.amazonaws.com/photos/309899/small.jpg
"African Pygmy-Goose
",https://inaturalist-open-data.s3.amazonaws.com/photos/103688/small.jpg
"Spur-winged Goose
",https://inaturalist-open-data.s3.amazonaws.com/photos/32048/small.jpg
"Comb Duck
",https://inaturalist-open-data.s3.amazonaws.com/photos/31942/small.jpg
"Eastern Imperial Eagle
",https://inaturalist-open-data.s3.amazonaws.com/photos/26266/small.jpg
"Steppe Eagle
",https://inaturalist-open-data.s3.amazonaws.com/photos/26276/small.jpg
"Tawny Eagle
",https://inaturalist-open-data.s3.amazonaws.com/photos/26272/small.jpg
"Verreaux's Eagle
",https://inaturalist-open-data.s3.amazonaws.com/photos/148457/small.jpg
"Shikra
",https://inaturalist-open-data.s3.amazonaws.com/photos/26284/small.jpg
"Levant Sparrowhawk
",https://inaturalist-open-data.s3.amazonaws.com/photos/1004687/small.jpg
"Black Goshawk
",https://inaturalist-open-data.s3.amazonaws.com/photos/188587/small.jpg
"Little Sparrowhawk
",https://inaturalist-open-data.s3.amazonaws.com/photos/756972/small.jpg
"Eurasian Sparrowhawk
",https://inaturalist-open-data.s3.amazonaws.com/photos/6932/small.jpg
"Ovampo Sparrowhawk
",https://inaturalist-open-data.s3.amazonaws.com/photos/188586/small.jpg
"Rufous-chested Sparrowhawk
",https://inaturalist-open-data.s3.amazonaws.com/photos/188588/small.jpg
"African Goshawk
",https://inaturalist-open-data.s3.amazonaws.com/photos/188584/small.jpg
"Ayres's Hawk-Eagle
",https://inaturalist-open-data.s3.amazonaws.com/photos/188589/small.jpg
"Western Marsh-Harrier
",https://inaturalist-open-data.s3.amazonaws.com/photos/39834/small.jpg
"Pale Harrier
",https://inaturalist-open-data.s3.amazonaws.com/photos/26299/small.jpg
"Montagu's Harrier
",https://inaturalist-open-data.s3.amazonaws.com/photos/8974/small.jpg
"African Marsh-Harrier
",https://inaturalist-open-data.s3.amazonaws.com/photos/188591/small.jpg
"Augur Buzzard
",https://inaturalist-open-data.s3.amazonaws.com/photos/33147/small.jpg
"Common Buzzard
",https://inaturalist-open-data.s3.amazonaws.com/photos/8862/small.jpg
"Mountain Buzzard
",https://inaturalist-open-data.s3.amazonaws.com/photos/770127/small.jpg
"Long-legged Buzzard
",https://inaturalist-open-data.s3.amazonaws.com/photos/26297/small.jpg
"Bateleur
",https://inaturalist-open-data.s3.amazonaws.com/photos/767149/small.jpg
"Banded Snake-Eagle
",https://inaturalist-open-data.s3.amazonaws.com/photos/188595/small.jpg
"Brown Snake Eagle
",https://inaturalist-open-data.s3.amazonaws.com/photos/26040/small.jpg
"Fasciated Snake Eagle
",https://www.inaturalist.org/assets/iconic_taxa/aves-75px.png
"Short-toed Eagle
",https://inaturalist-open-data.s3.amazonaws.com/photos/1004677/small.jpg
"Black-breasted Snake Eagle
",https://inaturalist-open-data.s3.amazonaws.com/photos/44932/small.jpg
"African Harrier-Hawk
",https://inaturalist-open-data.s3.amazonaws.com/photos/188599/small.jpg
"African Cuckoo-Hawk
",https://inaturalist-open-data.s3.amazonaws.com/photos/33683/small.jpg
"Black Kite
",https://inaturalist-open-data.s3.amazonaws.com/photos/3836/small.jpg
