species,image_url,image_filename
Black-winged Kite,https://inaturalist-open-data.s3.amazonaws.com/photos/4939/small.jpg,80b09a8c1cd0b382adc2c2fcfa88066be3fa4a0e.jpg
African Fish Eagle,https://inaturalist-open-data.s3.amazonaws.com/photos/32106/small.jpg,3a8bf1812095a0da9535fc4a6b319aee26aa0b77.jpg
Crowned Hawk-Eagle,https://inaturalist-open-data.s3.amazonaws.com/photos/734476/small.jpg,1581fc4ccc3f5fa0c98477a9df34b145fde4e952.jpg
Honey Buzzard,https://inaturalist-open-data.s3.amazonaws.com/photos/8970/small.jpg,7a2041ddc52c60a18ce661fba75b2aa8686ce7d5.jpg
Long-crested Eagle,https://inaturalist-open-data.s3.amazonaws.com/photos/33149/small.jpg,82825f32ea5872977656e3f62bdca8bdc8e0a6e9.jpg
Dark Chanting-Goshawk,https://inaturalist-open-data.s3.amazonaws.com/photos/188597/small.jpg,2d0d77aac817629a9d82bef124ee1dd69babcfb1.jpg
Eastern Chanting-Goshawk,https://inaturalist-open-data.s3.amazonaws.com/photos/33623/small.jpg,9b1b33c9b9dd92027d046325602b3341db5faae9.jpg
Martial Eagle,https://inaturalist-open-data.s3.amazonaws.com/photos/8648/small.jpg,89df44aa37cedf9a8deb831673fff4c04fdcd0d2.jpg
Egyptian Vulture,https://inaturalist-open-data.s3.amazonaws.com/photos/6572/small.jpg,b89a023871372318dd5cf56afa9a7ea3318623b2.jpg
White-backed Vulture,https://inaturalist-open-data.s3.amazonaws.com/photos/7899/small.jpg,c39c1aeb266dda27a47380e56e492f6107bb7ff7.jpg
Rueppell's Griffon,https://inaturalist-open-data.s3.amazonaws.com/photos/782496/small.jpg,9b0a2e2638fb018670c45d2536aa4b6c83d82150.jpg
Grasshopper Buzzard,https://inaturalist-open-data.s3.amazonaws.com/photos/782487/small.jpg,3f45618e2a5b016218ba9a220d5f50bafd1f4872.jpg
Lammergeier,https://inaturalist-open-data.s3.amazonaws.com/photos/135778/small.jpg,2c02a2ed3beec3c4c7d301e2ea3544a5b061e86d.jpg
White-headed Vulture,https://inaturalist-open-data.s3.amazonaws.com/photos/43728/small.jpg,64bfb18f48ab8feca2d3147c1f11f6074058d268.jpg
Bat Hawk,https://inaturalist-open-data.s3.amazonaws.com/photos/669069/small.jpg,ec13f6b067386ac66bc906127d30d5fa0b5c61ec.jpg
Palm-nut Vulture,https://inaturalist-open-data.s3.amazonaws.com/photos/78389/small.jpg,42722711156b8a64184dc3b276de6f8826af6e9f.jpg
Hooded Vulture,https://inaturalist-open-data.s3.amazonaws.com/photos/8078/small.jpg,6201015c85114e8efd7fb5c0ae16639106cc5fc5.jpg
Scissor-tailed Kite,https://inaturalist-open-data.s3.amazonaws.com/photos/149425/small.jpg,c3b64ea60b95821930cd3c04e16d49d7eb3ee61f.jpg
Lizard Buzzard,https://inaturalist-open-data.s3.amazonaws.com/photos/795373/small.jpg,5ca8b2a1c48903f43ee29426d56fcab8d48637ee.jpg
Kori Bustard,https://inaturalist-open-data.s3.amazonaws.com/photos/224407/small.jpg,04c60b77d11715e59292cc17d67688d44a3bd55c.jpg
Stanley Bustard,https://inaturalist-open-data.s3.amazonaws.com/photos/188787/small.jpg,bd4fb572ed512d72c18d26d26332dd68d0fef050.jpg
Heuglin's Bustard,https://inaturalist-open-data.s3.amazonaws.com/photos/644832/small.jpg,231bcda8b9d57737a1a956504760b98a9285c1ab.jpg
White-bellied Bustard,https://inaturalist-open-data.s3.amazonaws.com/photos/33617/small.jpg,0b99987fb298440041221675e9d57bc619f7a827.jpg
Red-footed Booby,https://inaturalist-open-data.s3.amazonaws.com/photos/6950/small.jpg,55191671d44cd4f7e562497c8299fb004fab9321.jpg
Cape Gannet,https://inaturalist-open-data.s3.amazonaws.com/photos/232453/small.jpg,c96c6be2feac69041b7510defac9589f1a50a53c.jpg
Great Cormorant,https://inaturalist-open-data.s3.amazonaws.com/photos/6576/small.jpg,5c036d0a7b5a2b63bdcfe65701d2573e875e9084.jpg
African Darter,https://inaturalist-open-data.s3.amazonaws.com/photos/6178/small.jpg,2e19141077423ed11a0054494b9a19fd4a6f48e1.jpg
Ethiopian Swallow,https://www.inaturalist.org/assets/iconic_taxa/aves-75px.png,767f6ed1267c8b7694ddb6cb4203ad5c20484929.jpg
Angola Swallow,https://inaturalist-open-data.s3.amazonaws.com/photos/217669/small.jpg,3f9cec4ec4fc05ac750b4e57d26cf4a184ce757f.jpg
Blue Swallow,https://www.inaturalist.org/assets/iconic_taxa/aves-75px.png,767f6ed1267c8b7694ddb6cb4203ad5c20484929.jpg
Barn Swallow,https://inaturalist-open-data.s3.amazonaws.com/photos/284814/small.jpg,95de68609c50bef3ed76f20bbdebc8fbd7773977.jpg
Wire-tailed Swallow,https://inaturalist-open-data.s3.amazonaws.com/photos/54291/small.jpg,046a6613bfb08bfba490403434f61ec8de09d3c1.jpg
Banded Martin,https://inaturalist-open-data.s3.amazonaws.com/photos/22754/small.jpg,d5da3c9a24b784b2b47644620ae177ae5c6dfbae.jpg
Plain Martin,https://inaturalist-open-data.s3.amazonaws.com/photos/188580/small.jpg,a4aa2ac6d150a1ef5771ddac9ca0aebe37fb52bf.jpg
Bank Swallow,https://inaturalist-open-data.s3.amazonaws.com/photos/7767/small.jpg,7a2bc906dda2608fc4e82ea0bfbde6a6d3067cf4.jpg
White-headed Sawwing,https://inaturalist-open-data.s3.amazonaws.com/photos/217671/small.jpg,7d8d144da31c288d51b7df9f1cbfa6a9698e20cb.jpg
Black Sawwing,https://inaturalist-open-data.s3.amazonaws.com/photos/188581/small.jpg,a7784719263f1326255058591945ae997b572398.jpg
Long-tailed Fiscal,https://inaturalist-open-data.s3.amazonaws.com/photos/217677/small.jpg,33bb1192912401a9befafc9ac53cafffd9d3ccdf.jpg
Common Fiscal,https://inaturalist-open-data.s3.amazonaws.com/photos/22584/small.jpg,8fd370e605d2d02fbaef13c5777f78d961ae9e4a.jpg
Red-backed Shrike,https://inaturalist-open-data.s3.amazonaws.com/photos/5961/small.jpg,3b41d3aef8e382e6433c8d497ac0a3841f2c988e.jpg
Teita Fiscal,https://inaturalist-open-data.s3.amazonaws.com/photos/217674/small.jpg,a6b4ae43b0df1b7bb16cf6ff11bb29b8b740446a.jpg
Gray-backed Fiscal,https://inaturalist-open-data.s3.amazonaws.com/photos/767825/small.jpg,f2a7f0bf21aed437b3d8dd55b03bfa0a92b4bd5b.jpg
Rufous-tailed Shrike,https://inaturalist-open-data.s3.amazonaws.com/photos/782574/small.jpg,87ac5a57632494b6d43996a0cbb35836a8e42ad6.jpg
Mackinnon's Shrike,https://inaturalist-open-data.s3.amazonaws.com/photos/91997/small.JPG,d7e28beb3b1b07fb6cda49f7f30648f3f9b83f3a.jpg
Woodchat Shrike,https://inaturalist-open-data.s3.amazonaws.com/photos/41749/small.jpg,3554b27e95e50a90ce783d74a760640b92325ba4.jpg
Somali Fiscal,https://www.inaturalist.org/assets/iconic_taxa/aves-75px.png,767f6ed1267c8b7694ddb6cb4203ad5c20484929.jpg
Yellow-billed Shrike,https://inaturalist-open-data.s3.amazonaws.com/photos/8047/small.jpg,02f168e25c568a883d59e0e6b269015db3356b2b.jpg
White-rumped Shrike,https://inaturalist-open-data.s3.amazonaws.com/photos/217680/small.jpg,3dc1d89e0cbb1122dac49fc88d4f4dce49ef27e5.jpg
Cape Robin-Chat,https://inaturalist-open-data.s3.amazonaws.com/photos/107300/small.jpg,8622d17142c04dc7d72b98b1c4ab16030cfc719c.jpg
Blue-shouldered Robin-Chat,https://www.inaturalist.org/assets/iconic_taxa/aves-75px.png,767f6ed1267c8b7694ddb6cb4203ad5c20484929.jpg
White-browed Robin-Chat,https://inaturalist-open-data.s3.amazonaws.com/photos/25749/small.jpg,a22e0bedf72afd04dfa877d1d3786ff7cbdba4ab.jpg
Red-capped Robin-Chat,https://inaturalist-open-data.s3.amazonaws.com/photos/166024/small.jpg,eba334721a12f8bd17a788688c323b94f129430a.jpg
Snowy-crowned Robin-Chat,https://inaturalist-open-data.s3.amazonaws.com/photos/90503/small.jpg,86fae731fc929c66eb1c909f8519ead6b7909d21.jpg
Gray-winged Robin-Chat,https://inaturalist-open-data.s3.amazonaws.com/photos/773826/small.jpg,6e77145233d3b5cd259a7c57ed5f01e9946ff351.jpg
Rueppell's Robin-Chat,https://inaturalist-open-data.s3.amazonaws.com/photos/641541/small.jpg,28d53f7d479fd7245bff873f4f5835645cba13e5.jpg
African Gray Flycatcher,https://inaturalist-open-data.s3.amazonaws.com/photos/217681/small.jpg,c79a1c9da6edfcc765574208f051f2595f488f09.jpg
Pale Flycatcher,https://inaturalist-open-data.s3.amazonaws.com/photos/90507/small.jpg,c5b0f85d4daf34cd20764f9cb3b0cebef11cf07d.jpg
Red-breasted Wheatear,https://www.inaturalist.org/assets/iconic_taxa/aves-75px.png,767f6ed1267c8b7694ddb6cb4203ad5c20484929.jpg
Mourning Wheatear,https://inaturalist-open-data.s3.amazonaws.com/photos/21804/small.jpg,3647507e308b2ec142be8306b0eaddad9d3ad2be.jpg
Northern Wheatear,https://inaturalist-open-data.s3.amazonaws.com/photos/9082/small.jpg,0c9c14b1f494ae45259d9c62450c34d0a5690323.jpg
Pied Wheatear,https://inaturalist-open-data.s3.amazonaws.com/photos/78177/small.jpg,22394ff2a072619bfce1653995f7b94f415afe41.jpg
Yellow Flycatcher,https://inaturalist-open-data.s3.amazonaws.com/photos/629649/small.jpg,bb489cd54ea2cf1982389f6ff4e451d73aea650e.jpg
Olive Thrush,https://inaturalist-open-data.s3.amazonaws.com/photos/20705/small.jpg,0d19df077c27e5c771054954355f761f7d33a23b.jpg
African Thrush,https://inaturalist-open-data.s3.amazonaws.com/photos/325017/small.JPG,eeb035cd5361a3dd2339613d0139a9d4bcf9f500.jpg
African Bare-eyed Thrush,https://inaturalist-open-data.s3.amazonaws.com/photos/20695/small.jpg,c988c57b2701047faae26b977aa78ab82a4a3793.jpg
African Broadbill,https://inaturalist-open-data.s3.amazonaws.com/photos/151947/small.jpg,8ea0c72be0854d9154fca8cc50975d93dc48d8ba.jpg
Brown-rumped Bunting,https://www.inaturalist.org/assets/iconic_taxa/aves-75px.png,767f6ed1267c8b7694ddb6cb4203ad5c20484929.jpg
Golden-breasted Bunting,https://inaturalist-open-data.s3.amazonaws.com/photos/15982/small.jpg,14da19ee2d1fe7b72d901d8a722050cc7c2cd004.jpg
Somali Bunting,https://inaturalist-open-data.s3.amazonaws.com/photos/782471/small.jpg,6b8940527f999337807ed63a3c00f30898622f53.jpg
Striolated Bunting,https://inaturalist-open-data.s3.amazonaws.com/photos/15984/small.jpg,e0bdb3e5c873c74389103a474b517fbd6460b679.jpg
Cinnamon-breasted Bunting,https://inaturalist-open-data.s3.amazonaws.com/photos/148281/small.jpg,8736d4b2e19da8d214454b344d799e6bbd8dfe6f.jpg
Black-headed Batis,https://inaturalist-open-data.s3.amazonaws.com/photos/164285/small.jpg,55f8770f12bc432e447caef20709ad2bb65edabc.jpg
Short-tailed Batis,https://www.inaturalist.org/assets/iconic_taxa/aves-75px.png,767f6ed1267c8b7694ddb6cb4203ad5c20484929.jpg
Chinspot Batis,https://inaturalist-open-data.s3.amazonaws.com/photos/25895/small.jpg,581a230560a1bdb5d5d678d64f2a6d62fc4b6eb0.jpg
Gray-headed Batis,https://www.inaturalist.org/assets/iconic_taxa/aves-75px.png,767f6ed1267c8b7694ddb6cb4203ad5c20484929.jpg
Pygmy Batis,https://www.inaturalist.org/assets/iconic_taxa/aves-75px.png,767f6ed1267c8b7694ddb6cb4203ad5c20484929.jpg
Pale Batis,https://inaturalist-open-data.s3.amazonaws.com/photos/850675/small.jpg,e82436ed05ae7d0fd7ed6720cfa01b6fe09f6cfc.jpg
Chestnut Wattle-eye,https://www.inaturalist.org/assets/iconic_taxa/aves-75px.png,767f6ed1267c8b7694ddb6cb4203ad5c20484929.jpg
Yellow-bellied Wattle-eye,https://www.inaturalist.org/assets/iconic_taxa/aves-75px.png,767f6ed1267c8b7694ddb6cb4203ad5c20484929.jpg
Brown-throated Wattle-eye,https://inaturalist-open-data.s3.amazonaws.com/photos/654454/small.jpg,865922e760235a8aa0803c839a436d6f637d3519.jpg
Jameson's Wattle-eye,https://inaturalist-open-data.s3.amazonaws.com/photos/90550/small.jpg,18ac81d79856261bb977e439d6c59aaaeca9f37d.jpg
Black-throated Wattle-eye,https://inaturalist-open-data.s3.amazonaws.com/photos/90552/small.jpg,29c99f8da1f82e9552870fd1ac92d91b6173dc51.jpg
Gray Cuckoo-shrike,https://inaturalist-open-data.s3.amazonaws.com/photos/90526/small.jpg,ad1e5bbcf54176a5f93f63035c5b56e33784376d.jpg
White-breasted Cuckoo-shrike,https://inaturalist-open-data.s3.amazonaws.com/photos/978351/small.jpg,804ff989eb35c168724899547df82f6f395e6ed5.jpg
Black Cuckoo-shrike,https://inaturalist-open-data.s3.amazonaws.com/photos/978349/small.jpg,d071156f77bc85b9b669574c0e6af15f5cfed5e4.jpg
Petit's Cuckoo-shrike,https://www.inaturalist.org/assets/iconic_taxa/aves-75px.png,767f6ed1267c8b7694ddb6cb4203ad5c20484929.jpg
Red-shouldered Cuckoo-shrike,https://www.inaturalist.org/assets/iconic_taxa/aves-75px.png,767f6ed1267c8b7694ddb6cb4203ad5c20484929.jpg
Purple-throated Cuckoo-shrike,https://www.inaturalist.org/assets/iconic_taxa/aves-75px.png,767f6ed1267c8b7694ddb6cb4203ad5c20484929.jpg
Fork-tailed Drongo,https://inaturalist-open-data.s3.amazonaws.com/photos/245337/small.jpg,a256ea2c0dfe9f3913e7493106d94dd349a6e899.jpg
Square-tailed Drongo,https://inaturalist-open-data.s3.amazonaws.com/photos/727576/small.jpg,60ae06b82d1866f4d166827d6da51dad5ad97492.jpg
Gray-green Bushshrike,https://www.inaturalist.org/assets/iconic_taxa/aves-75px.png,767f6ed1267c8b7694ddb6cb4203ad5c20484929.jpg
Doherty's Bushshrike,https://www.inaturalist.org/assets/iconic_taxa/aves-75px.png,767f6ed1267c8b7694ddb6cb4203ad5c20484929.jpg
Black-fronted Bushshrike,https://www.inaturalist.org/assets/iconic_taxa/aves-75px.png,767f6ed1267c8b7694ddb6cb4203ad5c20484929.jpg
Orange-breasted Bush-Shrike,https://inaturalist-open-data.s3.amazonaws.com/photos/25471/small.jpg,83a9aa313a4f8f72b50f26782e8416f2e8b73159.jpg
Tropical Boubou,https://inaturalist-open-data.s3.amazonaws.com/photos/24094/small.jpg,cd637b3c453936319fefc6fafc4fab876d89ef67.jpg
Black-headed Gonolek,https://www.inaturalist.org/assets/iconic_taxa/aves-75px.png,767f6ed1267c8b7694ddb6cb4203ad5c20484929.jpg
Fuelleborn's Boubou,https://www.inaturalist.org/assets/iconic_taxa/aves-75px.png,767f6ed1267c8b7694ddb6cb4203ad5c20484929.jpg
Slate-colored Boubou,https://inaturalist-open-data.s3.amazonaws.com/photos/24100/small.jpg,fb76d42553c9d9f49d2f5856df4cb6c1a6021ed1.jpg
Luehder's Bushshrike,https://inaturalist-open-data.s3.amazonaws.com/photos/90570/small.jpg,35afa31dd35d209ea1baee515bb5b1645d66be13.jpg
Papyrus Gonolek,https://inaturalist-open-data.s3.amazonaws.com/photos/24103/small.jpg,a595da92e72b4e5271c8d0190e754a3a1476d721.jpg
Red-naped Bushshrike,https://www.inaturalist.org/assets/iconic_taxa/aves-75px.png,767f6ed1267c8b7694ddb6cb4203ad5c20484929.jpg
Gray-headed Bushshrike,https://inaturalist-open-data.s3.amazonaws.com/photos/649499/small.jpg,1dc3a9143dbc26cfc8092cbdae5a1d1b443837c9.jpg
Pink-footed Puffback,https://www.inaturalist.org/assets/iconic_taxa/aves-75px.png,767f6ed1267c8b7694ddb6cb4203ad5c20484929.jpg
Black-backed Puffback,https://inaturalist-open-data.s3.amazonaws.com/photos/649512/small.jpg,228f6f30d50a85b980942b621497f03845445013.jpg
Northern Puffback,https://inaturalist-open-data.s3.amazonaws.com/photos/90569/small.jpg,c0eac4b1157fe8197d570fb9901edb2d2a91814d.jpg
Pringle's Puffback,https://inaturalist-open-data.s3.amazonaws.com/photos/649508/small.jpg,48497d8f57c56df8fc3859faba272007b1c85687.jpg
Brown-crowned Tchagra,https://inaturalist-open-data.s3.amazonaws.com/photos/90566/small.jpg,9ae2f7482a74e6465c01e2ae856ba4bf245aaedd.jpg
Three-streaked Tchagra,https://inaturalist-open-data.s3.amazonaws.com/photos/90567/small.jpg,3126419e759ee12860749d56e33efac5cf927fe2.jpg
Brubru,https://inaturalist-open-data.s3.amazonaws.com/photos/649510/small.jpg,594290b9e63a5fac28de13c26ca6dd3b4d4364c5.jpg
Rosy-patched Bushshrike,https://inaturalist-open-data.s3.amazonaws.com/photos/649519/small.jpg,50c9984eb11103205437f442b9b799ee32a749d1.jpg
African Paradise-Flycatcher,https://inaturalist-open-data.s3.amazonaws.com/photos/107683/small.jpg,8678bd8e6728cd9a1eb22274da868e74907fd0f8.jpg
African Crested-Flycatcher,https://inaturalist-open-data.s3.amazonaws.com/photos/323159/small.JPG,d787f6cd18d5825c718c697379a3d733039db584.jpg
African Golden Oriole,https://inaturalist-open-data.s3.amazonaws.com/photos/92212/small.jpg,2088388ae6bcea26453e4f068b155785e3e9dfe6.jpg
Western Black-headed Oriole,https://inaturalist-open-data.s3.amazonaws.com/photos/88533/small.JPG,5924a3b0b5fa10a28496d5b19359a3c202c3b188.jpg
Green-headed Oriole,https://inaturalist-open-data.s3.amazonaws.com/photos/92219/small.jpg,b099ece3d680b358396444cc571786197c726bf9.jpg
Black-headed Oriole,https://inaturalist-open-data.s3.amazonaws.com/photos/25790/small.jpg,ecf3a9b31092872c8a8c786c3c41322c850766af.jpg
Eurasian Golden Oriole,https://inaturalist-open-data.s3.amazonaws.com/photos/3598/small.jpg,76866c86d62585471e4dae86082dbf67efb4824e.jpg
Black-tailed Oriole,https://inaturalist-open-data.s3.amazonaws.com/photos/92220/small.jpg,196a252e1eadae20945eb8e615b05f23eb25d747.jpg
Black-and-white Shrike-flycatcher,https://inaturalist-open-data.s3.amazonaws.com/photos/716545/small.jpg,365262b1ecc9faac5bc858009936bbdfbcaa4a51.jpg
Rufous-naped Lark,https://inaturalist-open-data.s3.amazonaws.com/photos/735864/small.jpg,3c3c34333a8ac40efe22482464b8c47e6dba0410.jpg
White-tailed Lark,https://www.inaturalist.org/assets/iconic_taxa/aves-75px.png,767f6ed1267c8b7694ddb6cb4203ad5c20484929.jpg
Singing Bushlark,https://inaturalist-open-data.s3.amazonaws.com/photos/176747/small.jpg,d216ed2cf3b206e773d8a346eb64e3a2c992e0a8.jpg
Collared Lark,https://www.inaturalist.org/assets/iconic_taxa/aves-75px.png,767f6ed1267c8b7694ddb6cb4203ad5c20484929.jpg
Gillett's Lark,https://www.inaturalist.org/assets/iconic_taxa/aves-75px.png,767f6ed1267c8b7694ddb6cb4203ad5c20484929.jpg
Red-winged Lark,https://www.inaturalist.org/assets/iconic_taxa/aves-75px.png,767f6ed1267c8b7694ddb6cb4203ad5c20484929.jpg
Friedmann's Lark,https://www.inaturalist.org/assets/iconic_taxa/aves-75px.png,767f6ed1267c8b7694ddb6cb4203ad5c20484929.jpg
Flappet Lark,https://inaturalist-open-data.s3.amazonaws.com/photos/258469/small.jpg,9d130b3aaa1bfe403047d527106e9cf908964177.jpg
Williams's Lark,https://www.inaturalist.org/assets/iconic_taxa/aves-75px.png,767f6ed1267c8b7694ddb6cb4203ad5c20484929.jpg
Crested Lark,https://inaturalist-open-data.s3.amazonaws.com/photos/4945/small.jpg,348e04c8a39e988a352e0bab34c58f650dc61a1c.jpg
Malabar Lark,https://inaturalist-open-data.s3.amazonaws.com/photos/74644/small.jpg,0fad38e36f3715e013deb8155e27195fb3faf5a9.jpg
Thekla Lark,https://inaturalist-open-data.s3.amazonaws.com/photos/74643/small.jpg,271d65cdc1a8be47f41d01e34c776884da714ff1.jpg
Fischer's Sparrow-Lark,https://inaturalist-open-data.s3.amazonaws.com/photos/735845/small.jpg,e2a592cbf12b55ad825a74ec9ffa54c040c9a7df.jpg
Chestnut-backed Sparrow-Lark,https://inaturalist-open-data.s3.amazonaws.com/photos/258476/small.jpg,863f8128dfd8713cc3d26b6a981c336f423ed2c8.jpg
Red-capped Lark,https://www.inaturalist.org/assets/iconic_taxa/aves-75px.png,767f6ed1267c8b7694ddb6cb4203ad5c20484929.jpg
Somali Short-toed Lark,https://www.inaturalist.org/assets/iconic_taxa/aves-75px.png,767f6ed1267c8b7694ddb6cb4203ad5c20484929.jpg
Masked Lark,https://www.inaturalist.org/assets/iconic_taxa/aves-75px.png,767f6ed1267c8b7694ddb6cb4203ad5c20484929.jpg
Short-tailed Lark,https://www.inaturalist.org/assets/iconic_taxa/aves-75px.png,767f6ed1267c8b7694ddb6cb4203ad5c20484929.jpg
Spike-heeled Lark,https://www.inaturalist.org/assets/iconic_taxa/aves-75px.png,767f6ed1267c8b7694ddb6cb4203ad5c20484929.jpg
Spotted Creeper,https://inaturalist-open-data.s3.amazonaws.com/photos/708025/small.jpg,17b92a4cad934c8981268ae28d751f3c79a9c233.jpg
Aberdare Cisticola,https://www.inaturalist.org/assets/iconic_taxa/aves-75px.png,767f6ed1267c8b7694ddb6cb4203ad5c20484929.jpg
Rock-loving Cisticola,https://inaturalist-open-data.s3.amazonaws.com/photos/667759/small.jpg,f9651c5adc82e92d66ac79c18a5f76fbe096a60f.jpg
Tabora Cisticola,https://www.inaturalist.org/assets/iconic_taxa/aves-75px.png,767f6ed1267c8b7694ddb6cb4203ad5c20484929.jpg
Desert Cisticola,https://inaturalist-open-data.s3.amazonaws.com/photos/258453/small.jpg,5858c2d6fb2a005dbc7d75b54a7dc46d4c9e5e8f.jpg
Wing-snapping Cisticola,https://inaturalist-open-data.s3.amazonaws.com/photos/841218/small.jpg,52bd2c1baaacf1b4ed7bd9e8138cb25af9f10a0e.jpg
Boran Cisticola,https://www.inaturalist.org/assets/iconic_taxa/aves-75px.png,767f6ed1267c8b7694ddb6cb4203ad5c20484929.jpg
Siffling Cisticola,https://inaturalist-open-data.s3.amazonaws.com/photos/667769/small.jpg,f1e21b576b806480cb312df34abfdf3b934f4b46.jpg
Pectoral-patch Cisticola,https://www.inaturalist.org/assets/iconic_taxa/aves-75px.png,767f6ed1267c8b7694ddb6cb4203ad5c20484929.jpg
Singing Cisticola,https://inaturalist-open-data.s3.amazonaws.com/photos/667755/small.jpg,4dae8cd5d1eecec75d015a6ac04af445f5a06f05.jpg
Carruthers's Cisticola,https://www.inaturalist.org/assets/iconic_taxa/aves-75px.png,767f6ed1267c8b7694ddb6cb4203ad5c20484929.jpg
Chubb's Cisticola,https://www.inaturalist.org/assets/iconic_taxa/aves-75px.png,767f6ed1267c8b7694ddb6cb4203ad5c20484929.jpg
Ashy Cisticola,https://inaturalist-open-data.s3.amazonaws.com/photos/667751/small.jpg,bfa09211676083c5dac0cc74d2bfa454f7d9e8ed.jpg
Red-faced Cisticola,https://inaturalist-open-data.s3.amazonaws.com/photos/667752/small.jpg,74dfc2ab92ff4f6e999b96b3d9351d8e10cc1567.jpg
Black-necked Cisticola,https://www.inaturalist.org/assets/iconic_taxa/aves-75px.png,767f6ed1267c8b7694ddb6cb4203ad5c20484929.jpg
Winding Cisticola,https://inaturalist-open-data.s3.amazonaws.com/photos/258454/small.jpg,f09f4e30939af75fdd7f23014e0d5071124d41d4.jpg
Hunter's Cisticola,https://inaturalist-open-data.s3.amazonaws.com/photos/667764/small.jpg,db0f427b7116bfcdf89ac5a7aeb46439118c52bc.jpg
Zitting Cisticola,https://inaturalist-open-data.s3.amazonaws.com/photos/529208/small.jpg,d89377931950efa425b74baf15bb2165a6609410.jpg
Wailing Cisticola,https://inaturalist-open-data.s3.amazonaws.com/photos/667754/small.jpg,59cb996c5a4596c21ee5d98890d0bba8fbc2c6e1.jpg
Whistling Cisticola,https://www.inaturalist.org/assets/iconic_taxa/aves-75px.png,767f6ed1267c8b7694ddb6cb4203ad5c20484929.jpg
Croaking Cisticola,https://inaturalist-open-data.s3.amazonaws.com/photos/667763/small.jpg,e9255557824b1ab0e5a4510f2227e714ae0fc974.jpg
Tana River Cisticola,https://www.inaturalist.org/assets/iconic_taxa/aves-75px.png,767f6ed1267c8b7694ddb6cb4203ad5c20484929.jpg
Stout Cisticola,https://inaturalist-open-data.s3.amazonaws.com/photos/667772/small.jpg,8ddf6ee1aff3b5307e35bd8fcd49911b5e367f52.jpg
Levaillant's Cisticola,https://inaturalist-open-data.s3.amazonaws.com/photos/26535/small.jpg,34062052f7573ddf20b747c42a265bc37b0c4956.jpg
Foxy Cisticola,https://www.inaturalist.org/assets/iconic_taxa/aves-75px.png,767f6ed1267c8b7694ddb6cb4203ad5c20484929.jpg
Trilling Cisticola,https://inaturalist-open-data.s3.amazonaws.com/photos/667757/small.jpg,feceb21cddcc02e5cbd110314d228b7472b70d80.jpg
Banded Prinia,https://www.inaturalist.org/assets/iconic_taxa/aves-75px.png,767f6ed1267c8b7694ddb6cb4203ad5c20484929.jpg
Pale Prinia,https://www.inaturalist.org/assets/iconic_taxa/aves-75px.png,767f6ed1267c8b7694ddb6cb4203ad5c20484929.jpg
Tawny-flanked Prinia,https://inaturalist-open-data.s3.amazonaws.com/photos/226274/small.jpg,55e8d8c1e1585f6fb54356c8fce8afb10664188a.jpg
Green-backed Camaroptera,https://inaturalist-open-data.s3.amazonaws.com/photos/163798/small.jpg,03e16eb05425c02b310531486f284a60c19c6320.jpg
Olive-green Camaroptera,https://inaturalist-open-data.s3.amazonaws.com/photos/143944/small.jpg,492cbaabd5687c7d647fb8219ce00d010dee61f7.jpg
White-winged Apalis,https://www.inaturalist.org/assets/iconic_taxa/aves-75px.png,767f6ed1267c8b7694ddb6cb4203ad5c20484929.jpg
Gray Apalis,https://www.inaturalist.org/assets/iconic_taxa/aves-75px.png,767f6ed1267c8b7694ddb6cb4203ad5c20484929.jpg
Yellow-breasted Apalis,https://inaturalist-open-data.s3.amazonaws.com/photos/258458/small.jpg,c1dff3481a25891230338cb6b4d7da7f0ce9e2b0.jpg
Black-throated Apalis,https://inaturalist-open-data.s3.amazonaws.com/photos/771494/small.jpg,5adcc39008c845bf30210bdbfcdf84c3b016022a.jpg
Karamoja Apalis,https://www.inaturalist.org/assets/iconic_taxa/aves-75px.png,767f6ed1267c8b7694ddb6cb4203ad5c20484929.jpg
Black-headed Apalis,https://inaturalist-open-data.s3.amazonaws.com/photos/771477/small.jpg,b7dcc629703342d5c9ffad28f057eb20d9ec3e4b.jpg
Chestnut-throated Apalis,https://inaturalist-open-data.s3.amazonaws.com/photos/771480/small.jpg,8b39c84194c6944539851ad1d0c7bc58d60e541c.jpg
Gray-capped Warbler,https://www.inaturalist.org/assets/iconic_taxa/aves-75px.png,767f6ed1267c8b7694ddb6cb4203ad5c20484929.jpg
White-necked Raven,https://inaturalist-open-data.s3.amazonaws.com/photos/35092/small.jpg,d6c55fece690f2984696d8c974d2f6ba7e202d76.jpg
Pied Crow,https://inaturalist-open-data.s3.amazonaws.com/photos/32121/small.jpg,a6a9f0268179eb7d560612e6ccee1f0f1fbf4c8f.jpg
Cape Crow,https://inaturalist-open-data.s3.amazonaws.com/photos/151745/small.jpg,18825ddbbaf8d15ae11ff935e0e14e6eae8d7030.jpg
Fan-tailed Raven,https://inaturalist-open-data.s3.amazonaws.com/photos/35099/small.jpg,26125674d5265ca72c52d2ee47b7732220750241.jpg
Brown-necked Raven,https://inaturalist-open-data.s3.amazonaws.com/photos/35093/small.jpg,f9fc9cfc244599d29a0f668b7ae59b26b52d5c1b.jpg
House Crow,https://inaturalist-open-data.s3.amazonaws.com/photos/32119/small.jpg,290607372e5915f61540333702d7219e2171a438.jpg
Piapiac,https://inaturalist-open-data.s3.amazonaws.com/photos/151770/small.jpg,0a737de7b7e3c17158cd2874e6be4d6684edc716.jpg
Oriole Finch,https://www.inaturalist.org/assets/iconic_taxa/aves-75px.png,767f6ed1267c8b7694ddb6cb4203ad5c20484929.jpg
Black-throated Canary,https://inaturalist-open-data.s3.amazonaws.com/photos/164283/small.jpg,41a92353fd407f2de8c726d2588b9041a8f3b971.jpg
Southern Grosbeak-Canary,https://inaturalist-open-data.s3.amazonaws.com/photos/987815/small.jpg,a95234792c126df2c71d4cbfce0c59f340ecda26.jpg
Thick-billed Seedeater,https://www.inaturalist.org/assets/iconic_taxa/aves-75px.png,767f6ed1267c8b7694ddb6cb4203ad5c20484929.jpg
African Citril,https://www.inaturalist.org/assets/iconic_taxa/aves-75px.png,767f6ed1267c8b7694ddb6cb4203ad5c20484929.jpg
Northern Grosbeak-Canary,https://www.inaturalist.org/assets/iconic_taxa/aves-75px.png,767f6ed1267c8b7694ddb6cb4203ad5c20484929.jpg
White-bellied Canary,https://inaturalist-open-data.s3.amazonaws.com/photos/987794/small.jpg,7b77d723e595085d5eb1b6ef25cfee67aa09ff20.jpg
Western Citril,https://inaturalist-open-data.s3.amazonaws.com/photos/987811/small.jpg,a5fa490fe91a98559aa4fc3890e08d2272c057e3.jpg
Streaky-headed Seedeater,https://inaturalist-open-data.s3.amazonaws.com/photos/323175/small.JPG,fd05e1c015694f5ecb25f90dfdfdfa79880391d1.jpg
Southern Citril,https://www.inaturalist.org/assets/iconic_taxa/aves-75px.png,767f6ed1267c8b7694ddb6cb4203ad5c20484929.jpg
Papyrus Canary,https://www.inaturalist.org/assets/iconic_taxa/aves-75px.png,767f6ed1267c8b7694ddb6cb4203ad5c20484929.jpg
Tanzania Seedeater,https://www.inaturalist.org/assets/iconic_taxa/aves-75px.png,767f6ed1267c8b7694ddb6cb4203ad5c20484929.jpg
Yellow-fronted Canary,https://inaturalist-open-data.s3.amazonaws.com/photos/68164/small.jpg,966cc332cd960f2a2e277c5d1a1bed52124ad5e2.jpg
Reichard's Seedeater,https://www.inaturalist.org/assets/iconic_taxa/aves-75px.png,767f6ed1267c8b7694ddb6cb4203ad5c20484929.jpg
Streaky Seedeater,https://inaturalist-open-data.s3.amazonaws.com/photos/164089/small.jpg,c5ffd4019ecf8bf4b1a86b9da332e192206ea63e.jpg
Brimstone Canary,https://inaturalist-open-data.s3.amazonaws.com/photos/258463/small.jpg,9173fbf8f039dd70e7fb82886663c597af33c357.jpg
Black Coucal,https://inaturalist-open-data.s3.amazonaws.com/photos/65310/small.jpg,4dc48aae40ead1390c410a665c1f7eeed0f1c99f.jpg
Blue-headed Coucal,https://inaturalist-open-data.s3.amazonaws.com/photos/103673/small.jpg,2d7d8a08703ff9deea6e9e0dbeaa479e9aa9b4fb.jpg
Senegal Coucal,https://inaturalist-open-data.s3.amazonaws.com/photos/8435/small.jpg,e422dc89286fe4ca83ec85b85663dffdfe65c12b.jpg
White-browed Coucal,https://inaturalist-open-data.s3.amazonaws.com/photos/31625/small.jpg,2cd2967ca986d7be3e9625c8e1c23b61ca41d85f.jpg
Dideric Cuckoo,https://inaturalist-open-data.s3.amazonaws.com/photos/649468/small.jpg,a8b9b61781a6bbd08b7985216e612c1d647a5d56.jpg
African Emerald Cuckoo,https://inaturalist-open-data.s3.amazonaws.com/photos/632922/small.jpg,94a8cf537956e9aa1f04a84826c7cf96a7d19f1f.jpg
Klaas's Cuckoo,https://inaturalist-open-data.s3.amazonaws.com/photos/103675/small.jpg,17c172be914f61f37151b65393ee8daab7ef4eb1.jpg
Great Spotted Cuckoo,https://inaturalist-open-data.s3.amazonaws.com/photos/81559/small.jpg,29194067968db58bb28fe2426f51016fef02301c.jpg
Jacobin Cuckoo,https://inaturalist-open-data.s3.amazonaws.com/photos/25989/small.jpg,b82342fb5bf334723161cdcc284c0fe6c9ca5614.jpg
Levaillant's Cuckoo,https://inaturalist-open-data.s3.amazonaws.com/photos/103679/small.jpg,dc6c4cb5b35fc4bec51c1cc1b955fa5f4bbc32af.jpg
Common Cuckoo,https://inaturalist-open-data.s3.amazonaws.com/photos/8823/small.jpg,6960a9edf1b871ed9f741081758ddb074ad48e7e.jpg
Black Cuckoo,https://inaturalist-open-data.s3.amazonaws.com/photos/103684/small.jpg,8b5976776f5a45d0243c8cec74d9c1500e480c60.jpg
African Cuckoo,https://inaturalist-open-data.s3.amazonaws.com/photos/103683/small.jpg,b0e48032f64b723ebdbf711c29c039b898edc8b2.jpg
Lesser Cuckoo,https://inaturalist-open-data.s3.amazonaws.com/photos/16892/small.jpg,378ba33248f5098231b0c0917a17a197345f495d.jpg
Madagascar Cuckoo,https://inaturalist-open-data.s3.amazonaws.com/photos/811368/small.jpg,70b24c535015a4ad340187a16987fda7d825f300.jpg
Red-chested Cuckoo,https://inaturalist-open-data.s3.amazonaws.com/photos/103680/small.jpg,6d5a533bfe70812dfa3bde7306b7dc10d5dd0db0.jpg
Barred Long-tailed Cuckoo,https://www.inaturalist.org/assets/iconic_taxa/aves-75px.png,767f6ed1267c8b7694ddb6cb4203ad5c20484929.jpg
Thick-billed Cuckoo,https://www.inaturalist.org/assets/iconic_taxa/aves-75px.png,767f6ed1267c8b7694ddb6cb4203ad5c20484929.jpg
Yellowbill,https://inaturalist-open-data.s3.amazonaws.com/photos/103685/small.jpg,b007082441505e3ecd43535041396db0f58b4228.jpg
Fischer's Turaco,https://inaturalist-open-data.s3.amazonaws.com/photos/807860/small.jpg,97d318d85bf9c2011b18eb3947ea29da1f4abb85.jpg
Hartlaub's Turaco,https://inaturalist-open-data.s3.amazonaws.com/photos/807856/small.jpg,d0c16ebeec95061c4bea0c673277ae8dbf9939f4.jpg
White-crested Turaco,https://inaturalist-open-data.s3.amazonaws.com/photos/6294/small.jpg,f3d68b7ab50fb571b541456baa2e240d4c0aefb5.jpg
Purple-crested Turaco,https://inaturalist-open-data.s3.amazonaws.com/photos/32472/small.jpg,30a7d49f43fcb0f2e22e8aa294867791d4546761.jpg
Schalow's Turaco,https://www.inaturalist.org/assets/iconic_taxa/aves-75px.png,767f6ed1267c8b7694ddb6cb4203ad5c20484929.jpg
White-bellied Go-away Bird,https://inaturalist-open-data.s3.amazonaws.com/photos/12563/small.jpg,b9a3974cb2f7402d8cec98ea1ed004938b241dc5.jpg
Bare-faced Go-away Bird,https://inaturalist-open-data.s3.amazonaws.com/photos/654973/small.jpg,649870a06eb9b4da10813c13c8eb1d8885cf6f81.jpg
Ross's Turaco,https://inaturalist-open-data.s3.amazonaws.com/photos/32467/small.jpg,0c27f037f810fb411bc3f76a28997da81afd9314.jpg
Eastern Grey Plantain-eater,https://inaturalist-open-data.s3.amazonaws.com/photos/5522/small.jpg,c459fc326f536f587a19a19b0da87f27495d525e.jpg
Great Blue Turaco,https://inaturalist-open-data.s3.amazonaws.com/photos/646818/small.jpg,9a70bcc0803585fa6125ea9cdc7792e3ba562fca.jpg
Whitethroated Bee-eater,https://inaturalist-open-data.s3.amazonaws.com/photos/88753/small.jpg,60816d7eba8b4fec97b761bda9b05d2d0887ca18.jpg
European Bee-Eater,https://inaturalist-open-data.s3.amazonaws.com/photos/25156/small.jpg,d72571f9320b557fc3114976aaca90edb825c38e.jpg
White-fronted Bee-eater,https://inaturalist-open-data.s3.amazonaws.com/photos/34910/small.jpg,e33e647ea31cd9ff4f6515457c85b4249060f3e5.jpg
Swallow-tailed Bee-eater,https://inaturalist-open-data.s3.amazonaws.com/photos/8080/small.jpg,5e9b781ebd20bd4cd77ec671e45a472f29d37610.jpg
Blue-headed Bee-eater,https://inaturalist-open-data.s3.amazonaws.com/photos/656467/small.jpg,bf6c8d3ac2a8392e0e6fc6de2b31eaff445ced69.jpg
Northern Carmine Bee-eater,https://inaturalist-open-data.s3.amazonaws.com/photos/156585/small.jpg,5dc229dbf4ed1121c84367d34e6433ef6bc2aedf.jpg
Cinnamon-chested Bee-eater,https://inaturalist-open-data.s3.amazonaws.com/photos/656341/small.jpg,d1ab86fc49e1c2849cfac45f6d5f738ce1bd21f6.jpg
Blue-cheeked Bee-eater,https://inaturalist-open-data.s3.amazonaws.com/photos/49854/small.jpg,19a5507dbc6080ff12a91f78004e6e9c171fc878.jpg
Little Bee-eater,https://inaturalist-open-data.s3.amazonaws.com/photos/7903/small.jpg,064c6b472342ff62966db0ee816d23cecb176acb.jpg
Somali Bee-eater,https://inaturalist-open-data.s3.amazonaws.com/photos/656463/small.jpg,0c30bbfb096c2fdf6ebeafdbbc6537f231b99309.jpg
Madagascar Bee-eater,https://inaturalist-open-data.s3.amazonaws.com/photos/629553/small.jpg,bb83f2e374af207d2e8565050fef1a1042ec4aef.jpg
Blue-breasted Bee-eater,https://inaturalist-open-data.s3.amazonaws.com/photos/656471/small.jpg,6892d022c9a987d7c3b0972be7e4481ff38fde81.jpg
Abyssinian Roller,https://inaturalist-open-data.s3.amazonaws.com/photos/7433/small.jpg,d1f6ac68c469958203d03a312741224916ede676.jpg
Lilac-breasted Roller,https://inaturalist-open-data.s3.amazonaws.com/photos/8050/small.jpg,d6e2609971149116b40dd66ac00a61e7520635f0.jpg
European Roller,https://inaturalist-open-data.s3.amazonaws.com/photos/5909/small.jpg,2ca5d3efc9f22a24ab59f9533e2c2d04c99cde7a.jpg
Broad-billed Roller,https://inaturalist-open-data.s3.amazonaws.com/photos/802988/small.jpg,31f95a62c439b686d99d139b5b0844cad549e2b0.jpg
Brown-hooded Kingfisher,https://inaturalist-open-data.s3.amazonaws.com/photos/740247/small.jpg,64f85ffbc3816405ddb7464609f0a3eb900ff087.jpg
Striped Kingfisher,https://inaturalist-open-data.s3.amazonaws.com/photos/24008/small.jpg,11a8d437e388fed875d9a219d741eb5e206f7faa.jpg
Gray-headed Kingfisher,https://inaturalist-open-data.s3.amazonaws.com/photos/24006/small.jpg,76aec3cf0f3fce4c34cfcc61624f5e06402c6a68.jpg
Woodland Kingfisher,https://inaturalist-open-data.s3.amazonaws.com/photos/24010/small.jpg,cd9f3e8e73327923d8399f35754237a02d597e46.jpg
Mangrove Kingfisher,https://inaturalist-open-data.s3.amazonaws.com/photos/632917/small.jpg,648f91c80870c73be25d74ebcb10f624d78e5afb.jpg
Shining-blue Kingfisher,https://inaturalist-open-data.s3.amazonaws.com/photos/215240/small.jpg,9999b014ba15b42a60317ce0861b133be004341d.jpg
Half-collared Kingfisher,https://inaturalist-open-data.s3.amazonaws.com/photos/324776/small.jpg,b4011eb0ab7fa05f9445dc3efd89cf0204b4becd.jpg
Pied Kingfisher,https://inaturalist-open-data.s3.amazonaws.com/photos/680631/small.jpg,6ea014e5b088822fcd2c0fac17a9ea12718ab79c.jpg
Crowned Hornbill,https://inaturalist-open-data.s3.amazonaws.com/photos/25794/small.jpg,eed213389039fe540f8f9ee40387391f853beac4.jpg
Von der Decken's Hornbill,https://inaturalist-open-data.s3.amazonaws.com/photos/33620/small.jpg,7affbe5c33149460f93f42b7634ee6570e0c082c.jpg
Red-billed Hornbill,https://inaturalist-open-data.s3.amazonaws.com/photos/63686/small.jpg,fcf4559ddc6e8d70b1fbc5b4b6ff51feb0daed04.jpg
African Pied Hornbill,https://inaturalist-open-data.s3.amazonaws.com/photos/16525/small.jpg,72d04a99af3ee4cac152ec664c5ebc54dda9e0f7.jpg
Eastern Yellow-bellied Hornbill,https://inaturalist-open-data.s3.amazonaws.com/photos/645164/small.jpg,d06ff2ca0b8ddd30c93369ce957d1edd7ee45577.jpg
Hemprich's Hornbill,https://inaturalist-open-data.s3.amazonaws.com/photos/645870/small.jpg,e01aacef2796bda77fbc3747af0d9a04b18e7083.jpg
Jackson's Hornbill,https://inaturalist-open-data.s3.amazonaws.com/photos/645874/small.jpg,eda05aaa910021d71d43eda9373bdaa20c820eeb.jpg
African Grey Hornbill,https://inaturalist-open-data.s3.amazonaws.com/photos/82082/small.jpg,7f700165f3408fe8a2c666e20b17301e6eb05932.jpg
Northern Ground Hornbill,https://inaturalist-open-data.s3.amazonaws.com/photos/3665/small.jpg,f8af7ec1343d91c30715aace5b89b6868acbbdeb.jpg
Cape Turtle Dove,https://inaturalist-open-data.s3.amazonaws.com/photos/22745/small.jpg,eb3893d4a70f20da18ebec2e78ca802fb3ccfd6f.jpg
African Mourning Dove,https://inaturalist-open-data.s3.amazonaws.com/photos/137050/small.jpg,af2238f5dbe86064956286c0d7db43f2e591bd9b.jpg
Dusky Turtle-Dove,https://inaturalist-open-data.s3.amazonaws.com/photos/220404/small.jpg,234e4ad23ab2bf43a1fadd8148fc6b1661e61524.jpg
White-winged Collared-Dove,https://www.inaturalist.org/assets/iconic_taxa/aves-75px.png,767f6ed1267c8b7694ddb6cb4203ad5c20484929.jpg
Red-eyed Dove,https://inaturalist-open-data.s3.amazonaws.com/photos/20792/small.jpg,980fec074e54576ea566d2943c941a660f19fd96.jpg
Vinaceous Dove,https://inaturalist-open-data.s3.amazonaws.com/photos/350955/small.jpg,5a1c7c39edf4a6c854fc8b1bac550fa270ebe514.jpg
Rameron Pigeon,https://www.inaturalist.org/assets/iconic_taxa/aves-75px.png,767f6ed1267c8b7694ddb6cb4203ad5c20484929.jpg
Delegorgue's Pigeon,https://inaturalist-open-data.s3.amazonaws.com/photos/220408/small.jpg,89500344374aa8ed86e691e0a7dbe6c2a50cc6eb.jpg
Speckled Pigeon,https://inaturalist-open-data.s3.amazonaws.com/photos/22746/small.jpg,adc4c24f7f6daad78909a4d93018b2164c82b1e3.jpg
Black-billed Wood-Dove,https://inaturalist-open-data.s3.amazonaws.com/photos/711005/small.jpg,22a24ba64a01db9e61a736d0297c6480efe4504b.jpg
Blue-spotted Wood-Dove,https://inaturalist-open-data.s3.amazonaws.com/photos/800057/small.jpg,a16fc4baf53a668dc8d6deca3e0549c347eee138.jpg
Emerald-spotted Wood-Dove,https://inaturalist-open-data.s3.amazonaws.com/photos/171772/small.jpg,3c289ba697f59cfa1610ee65a7d71133aff11dbf.jpg
Tambourine Dove,https://inaturalist-open-data.s3.amazonaws.com/photos/708932/small.jpg,f5d9efba7b67c1cadc41816804b7f5f92e603693.jpg
African Green Pigeon,https://inaturalist-open-data.s3.amazonaws.com/photos/25745/small.jpg,68517a05adfcd1c1f411db65662f36fa5be7c94e.jpg
Bruce's Green-Pigeon,https://inaturalist-open-data.s3.amazonaws.com/photos/135844/small.jpg,b2cf56f24c6dc2fd6eb0001c861fc45e2adb5f54.jpg
Namaqua Dove,https://inaturalist-open-data.s3.amazonaws.com/photos/46720/small.jpg,602641edca63109e09e2bc476b73b2d0682316c3.jpg
Blue-naped Mousebird,https://inaturalist-open-data.s3.amazonaws.com/photos/657294/small.jpg,c4e3b44839499b2952648257d4a2f6c50d5bde59.jpg
White-headed Mousebird,https://inaturalist-open-data.s3.amazonaws.com/photos/863784/small.jpg,e73c28f1e89df72858d91f879af8cf43992cea6d.jpg
Speckled Mousebird,https://inaturalist-open-data.s3.amazonaws.com/photos/161352/small.jpg,72efd7e6980eb4084a086e39c9601878223e5713.jpg
Abdim's Stork,https://inaturalist-open-data.s3.amazonaws.com/photos/228937/small.jpg,3d52cac925d6aac415d4b4c519dee09b05bee505.jpg
White Stork,https://inaturalist-open-data.s3.amazonaws.com/photos/104665/small.jpg,62f3e4a7d360893b067c5cc0eaa42369c98a5dc1.jpg
Woolly-necked Stork,https://inaturalist-open-data.s3.amazonaws.com/photos/152467/small.jpg,8704fe941a3b00031b9a220a2343b44d29879109.jpg
Black Stork,https://inaturalist-open-data.s3.amazonaws.com/photos/55237/small.jpg,8cf4203f025b68de94ea1d4d1f4f13e372a8f6a7.jpg
Yellow-billed Stork,https://www.inaturalist.org/assets/iconic_taxa/aves-75px.png,767f6ed1267c8b7694ddb6cb4203ad5c20484929.jpg
Saddle-billed Stork,https://www.inaturalist.org/assets/iconic_taxa/aves-75px.png,767f6ed1267c8b7694ddb6cb4203ad5c20484929.jpg
African Openbilled Stork,https://inaturalist-open-data.s3.amazonaws.com/photos/21248/small.jpg,26814ef1feb4122323981ac74b4d558e98a0f125.jpg
Little Crake,https://inaturalist-open-data.s3.amazonaws.com/photos/8819/small.jpg,4cdef2ab3d12772b1feddc808a8f24fe9fa858fe.jpg
Spotted Crake,https://inaturalist-open-data.s3.amazonaws.com/photos/8817/small.jpg,c4ba43cf0cf7ca3fd186493481700517b635c564.jpg
Baillon's Crake,https://inaturalist-open-data.s3.amazonaws.com/photos/232373/small.jpg,8ca8818d89509572639a4dfe1a5dbd697b70fad4.jpg
Black Crake,https://inaturalist-open-data.s3.amazonaws.com/photos/56392/small.jpg,1d0fe023431e0e63a4ef5d9327f465ae5e3cc3d8.jpg
African Rail,https://inaturalist-open-data.s3.amazonaws.com/photos/324778/small.jpg,1bab5765f11215712a254f63cd3bfba22f0ba2f7.jpg
Lesser Moorhen,https://inaturalist-open-data.s3.amazonaws.com/photos/648314/small.jpg,ed7a01d61b5b5cd20db76a75f40493b4ceca81e1.jpg
Corn Crake,https://inaturalist-open-data.s3.amazonaws.com/photos/8801/small.jpg,d31a71c9b3f01b4513fef162b35119e17a116929.jpg
Red-knobbed Coot,https://inaturalist-open-data.s3.amazonaws.com/photos/8795/small.jpg,269cdf54fed711892ef6a5736a5099b4077bdd1c.jpg
Allen's Gallinule,https://inaturalist-open-data.s3.amazonaws.com/photos/648318/small.jpg,1e1e1334a74b112c3777c7bb4a98bdf481117782.jpg
Purple Swamphen,https://inaturalist-open-data.s3.amazonaws.com/photos/7223/small.jpg,ca8f76e1df067653a646aa5594ff30d61dcc655a.jpg
Striped Crake,https://www.inaturalist.org/assets/iconic_taxa/aves-75px.png,767f6ed1267c8b7694ddb6cb4203ad5c20484929.jpg
Black Crowned-Crane,https://inaturalist-open-data.s3.amazonaws.com/photos/87603/small.jpg,59ae0c169bb173b75e8410d727441cd333e7ce36.jpg
Grey Crowned Crane,https://inaturalist-open-data.s3.amazonaws.com/photos/5752/small.jpg,eac26877da3a29f1dbc0f0d07472e12d69042e42.jpg
Striped Flufftail,https://www.inaturalist.org/assets/iconic_taxa/aves-75px.png,767f6ed1267c8b7694ddb6cb4203ad5c20484929.jpg
Streaky-breasted Flufftail,https://www.inaturalist.org/assets/iconic_taxa/aves-75px.png,767f6ed1267c8b7694ddb6cb4203ad5c20484929.jpg
Buff-spotted Flufftail,https://inaturalist-open-data.s3.amazonaws.com/photos/171768/small.jpg,5678be06b847a674b1a760f4570e9863448b6b7f.jpg
White-spotted Flufftail,https://inaturalist-open-data.s3.amazonaws.com/photos/171767/small.jpg,62309631344833384da17896fc04635cf7c82911.jpg
Red-chested Flufftail,https://www.inaturalist.org/assets/iconic_taxa/aves-75px.png,767f6ed1267c8b7694ddb6cb4203ad5c20484929.jpg
African Finfoot,https://inaturalist-open-data.s3.amazonaws.com/photos/860506/small.jpg,4ee6456054f367f3c95ee642b2286026e073fd9b.jpg
Sabine's Spinetail,https://www.inaturalist.org/assets/iconic_taxa/aves-75px.png,767f6ed1267c8b7694ddb6cb4203ad5c20484929.jpg
Little Swift,https://inaturalist-open-data.s3.amazonaws.com/photos/22792/small.jpg,27df54d689a0e9146d95561d49d1a4dbed354f2a.jpg
Common Swift,https://inaturalist-open-data.s3.amazonaws.com/photos/8978/small.jpg,ecab484de048eaac27808aad5c4e5c91eb7bbf16.jpg
Forbes-Watson's Swift,https://www.inaturalist.org/assets/iconic_taxa/aves-75px.png,767f6ed1267c8b7694ddb6cb4203ad5c20484929.jpg
White-rumped Swift,https://inaturalist-open-data.s3.amazonaws.com/photos/35014/small.jpg,91200a18a8bdb2c6f5976558589b60c7e6002b02.jpg
Nyanza Swift,https://www.inaturalist.org/assets/iconic_taxa/aves-75px.png,767f6ed1267c8b7694ddb6cb4203ad5c20484929.jpg
African Palm-Swift,https://inaturalist-open-data.s3.amazonaws.com/photos/143939/small.jpg,c1fa2c2979e30548ee7064053510fa6dfd4d9c3a.jpg
Bat-like Spinetail,https://www.inaturalist.org/assets/iconic_taxa/aves-75px.png,767f6ed1267c8b7694ddb6cb4203ad5c20484929.jpg
Scarce Swift,https://www.inaturalist.org/assets/iconic_taxa/aves-75px.png,767f6ed1267c8b7694ddb6cb4203ad5c20484929.jpg
Mottled Spinetail,https://www.inaturalist.org/assets/iconic_taxa/aves-75px.png,767f6ed1267c8b7694ddb6cb4203ad5c20484929.jpg
Stone Partridge,https://www.inaturalist.org/assets/iconic_taxa/aves-75px.png,767f6ed1267c8b7694ddb6cb4203ad5c20484929.jpg
Helmeted Guineafowl,https://inaturalist-open-data.s3.amazonaws.com/photos/8758/small.jpg,fb6a44453527b548bf2f3dafb772ce01c5e100d4.jpg
Crested Guineafowl,https://www.inaturalist.org/assets/iconic_taxa/aves-75px.png,767f6ed1267c8b7694ddb6cb4203ad5c20484929.jpg
Vulturine Guineafowl,https://inaturalist-open-data.s3.amazonaws.com/photos/10605/small.jpg,5eba08536822bb7e318579f2bc2a89e77bdc91eb.jpg
Red-necked Francolin,https://inaturalist-open-data.s3.amazonaws.com/photos/33616/small.jpg,74bc78234ee17d9f400dc924b55e7f09047d169c.jpg
Chestnut-naped Francolin,https://www.inaturalist.org/assets/iconic_taxa/aves-75px.png,767f6ed1267c8b7694ddb6cb4203ad5c20484929.jpg
Clapperton's Francolin,https://www.inaturalist.org/assets/iconic_taxa/aves-75px.png,767f6ed1267c8b7694ddb6cb4203ad5c20484929.jpg
Coqui Francolin,https://inaturalist-open-data.s3.amazonaws.com/photos/5844/small.jpg,88291f06ec30c9d85c792c8f97db8884096a0617.jpg
Hildebrandt's Francolin,https://inaturalist-open-data.s3.amazonaws.com/photos/776673/small.jpg,8377d00b1b7812badc5e4b7ab05c5b03305d0989.jpg
Jackson's Francolin,https://www.inaturalist.org/assets/iconic_taxa/aves-75px.png,767f6ed1267c8b7694ddb6cb4203ad5c20484929.jpg
Yellow-necked Francolin,https://inaturalist-open-data.s3.amazonaws.com/photos/33621/small.jpg,cb6f3f27adc984bbeda74538e7930d11e8583005.jpg
Red-wing Francolin,https://inaturalist-open-data.s3.amazonaws.com/photos/730057/small.jpg,97d001cb0b77d99d91bb4727fda6c16592cb6d00.jpg
Moorland Francolin,https://www.inaturalist.org/assets/iconic_taxa/aves-75px.png,767f6ed1267c8b7694ddb6cb4203ad5c20484929.jpg
Crested Francolin,https://inaturalist-open-data.s3.amazonaws.com/photos/33622/small.jpg,b1d78524583876989dcf7ffed69cd16d36310942.jpg
Shelley's Francolin,https://www.inaturalist.org/assets/iconic_taxa/aves-75px.png,767f6ed1267c8b7694ddb6cb4203ad5c20484929.jpg
Scaly Francolin,https://inaturalist-open-data.s3.amazonaws.com/photos/776670/small.jpg,8c02fbfdefc243647a085dd1f5929e833a3f6b54.jpg
Ring-necked Francolin,https://www.inaturalist.org/assets/iconic_taxa/aves-75px.png,767f6ed1267c8b7694ddb6cb4203ad5c20484929.jpg
Common Quail,https://inaturalist-open-data.s3.amazonaws.com/photos/8821/small.jpg,b2006626e050c3b80658a92696975d02a14287eb.jpg
Harlequin Quail,https://inaturalist-open-data.s3.amazonaws.com/photos/6148/small.jpg,b49edbf853e81fdac8898e2ae583ccec3fc97089.jpg
Egyptian Plover,https://inaturalist-open-data.s3.amazonaws.com/photos/801857/small.jpg,91a795b2210e16e7cf0dc412fd4ea777f68c97bc.jpg
Sanderling,https://inaturalist-open-data.s3.amazonaws.com/photos/4803/small.jpg,c2d1fd50eaed9bc0a4c0e1a3053fa82b8375e3d7.jpg
Curlew Sandpiper,https://inaturalist-open-data.s3.amazonaws.com/photos/16919/small.jpg,2b7ebfeb2620acbaffefc08f713e8a08411ff243.jpg
Little Stint,https://inaturalist-open-data.s3.amazonaws.com/photos/16914/small.jpg,90ec11a83b695fee3ccb9568bd3acc37db6fb40b.jpg
Temminck's Stint,https://inaturalist-open-data.s3.amazonaws.com/photos/16913/small.jpg,f2ae53494840c65ad7b38eaee8c8554d16d9cf0d.jpg
Spotted Redshank,https://inaturalist-open-data.s3.amazonaws.com/photos/16921/small.jpg,2599f2440fd27c1b3f6a5f502e2b948fb540db78.jpg
Wood Sandpiper,https://inaturalist-open-data.s3.amazonaws.com/photos/26048/small.jpg,d06707668dc95bce2e195823733bcb49043a5c57.jpg
Common Greenshank,https://inaturalist-open-data.s3.amazonaws.com/photos/3580/small.jpg,13b1a1a3cde069f55532f6d3a04c96b3f2ebd8c3.jpg
Green Sandpiper,https://inaturalist-open-data.s3.amazonaws.com/photos/8829/small.jpg,944e2ba2f78fe02eb5a74df4de70b510d178a0b6.jpg
Marsh Sandpiper,https://inaturalist-open-data.s3.amazonaws.com/photos/16920/small.jpg,d540d4269d5d14a53fb575d6b4f6a6d58de59a95.jpg
Common Redshank,https://inaturalist-open-data.s3.amazonaws.com/photos/5641/small.jpg,aad022ec924d2d491e5c33ba28427cceed11f482.jpg
Eurasian Curlew,https://inaturalist-open-data.s3.amazonaws.com/photos/6081/small.jpg,9fe449bf8b332b56bc13d099fb5d710ccceea614.jpg
Whimbrel,https://inaturalist-open-data.s3.amazonaws.com/photos/4281/small.jpg,2a712fe19b3292424d6d307f70ef68fe274b2404.jpg
Jack Snipe,https://inaturalist-open-data.s3.amazonaws.com/photos/65314/small.jpg,3470d92105c4192263444f97c59509ef3f2d4cb4.jpg
Great Snipe,https://inaturalist-open-data.s3.amazonaws.com/photos/73946/small.jpg,33bedc1301ec8366607d30b40970d8f53382ae3a.jpg
African Snipe,https://inaturalist-open-data.s3.amazonaws.com/photos/99521/small.jpg,5ceffa43ddc752a5fdf56c02a7c2554de3d5c1c2.jpg
Ruddy Turnstone,https://inaturalist-open-data.s3.amazonaws.com/photos/7613/small.jpg,cd2836c232c6dd37f6f246ad280fb9f4ed584a46.jpg
Bar-tailed Godwit,https://inaturalist-open-data.s3.amazonaws.com/photos/8832/small.jpg,773cfaf3eb4d8aa77ac55ab18bc13c1e4aa94e23.jpg
Black-tailed Godwit,https://inaturalist-open-data.s3.amazonaws.com/photos/8837/small.jpg,f1cd211bc19dd8947c583b24046e6638c4e19aed.jpg
Terek Sandpiper,https://inaturalist-open-data.s3.amazonaws.com/photos/67447/small.jpg,1759335d7608a736eb0fe7f9956fde7890e3d1d8.jpg
Common Sandpiper,https://inaturalist-open-data.s3.amazonaws.com/photos/8839/small.jpg,acbe21de0861c16c5edbebcecda4231ebc20f487.jpg
Greater Painted-snipe,https://inaturalist-open-data.s3.amazonaws.com/photos/66498/small.jpg,3f68dd10fc923ad21884ba7451ff69fe7570eb8b.jpg
Herring Gull,https://inaturalist-open-data.s3.amazonaws.com/photos/382059/small.jpg,b939646d236a01453d559a5d4087abc8f92650c5.jpg
Lesser Black-backed Gull,https://inaturalist-open-data.s3.amazonaws.com/photos/8849/small.jpg,00f03f2677f243f6da1407abfba0219d24aeacf3.jpg
Roseate Tern,https://inaturalist-open-data.s3.amazonaws.com/photos/65315/small.jpg,92e656442b8627edfa2214e0bb52420e81d6a9ba.jpg
Common Tern,https://inaturalist-open-data.s3.amazonaws.com/photos/8932/small.jpg,332bdfcae3b240370c138f9a8315c8bfbac52bff.jpg
White-cheeked Tern,https://inaturalist-open-data.s3.amazonaws.com/photos/315198/small.jpg,99acd27a31a1605c80a65a47f1da73f283c53015.jpg
Black-naped Tern,https://www.inaturalist.org/assets/iconic_taxa/aves-75px.png,767f6ed1267c8b7694ddb6cb4203ad5c20484929.jpg
African Skimmer,https://inaturalist-open-data.s3.amazonaws.com/photos/6283/small.jpg,07b2b736bcc095bcfb1d3c644bc9c359d1d484f3.jpg
White-winged Tern,https://inaturalist-open-data.s3.amazonaws.com/photos/26147/small.jpg,b6ba046e4f4d25a2e1e371c0a25e9f33c97e137d.jpg
African Jacana,https://inaturalist-open-data.s3.amazonaws.com/photos/8075/small.jpg,5a025837b1370276300fe06df2150160d5308005.jpg
Lesser Jacana,https://inaturalist-open-data.s3.amazonaws.com/photos/760190/small.jpg,3b2eb62cdf9fd2b706209fca93249df68cf44643.jpg
Cream-colored Courser,https://inaturalist-open-data.s3.amazonaws.com/photos/54686/small.jpg,9f5e32f1862dc4cec2d9441890c9d2ca0ece8f76.jpg
Temminck's Courser,https://inaturalist-open-data.s3.amazonaws.com/photos/650625/small.jpg,fd8183ca820b5b74af88edb1a64e00571cd6f965.jpg
Black-winged Pratincole,https://inaturalist-open-data.s3.amazonaws.com/photos/54682/small.jpg,2157d55e75aa501340a4b76266b27a3150d05c8f.jpg
Rock Pratincole,https://inaturalist-open-data.s3.amazonaws.com/photos/54681/small.jpg,a442ebffde95c89a18bd805ec58804c0e5cbdb6c.jpg
Madagascar Pratincole,https://inaturalist-open-data.s3.amazonaws.com/photos/54677/small.jpg,e25ef025e858ceb04c15ca7b01749a1910cda598.jpg
Collared Pratincole,https://inaturalist-open-data.s3.amazonaws.com/photos/54672/small.jpg,e854ef2f37f73f50f1f45380aa523e42e64b3944.jpg
Bronze-winged Courser,https://inaturalist-open-data.s3.amazonaws.com/photos/46721/small.jpg,332a16419386b16d1d4fd76a63d936267ca97aac.jpg
Three-banded Courser,https://inaturalist-open-data.s3.amazonaws.com/photos/54689/small.jpg,42b87513f6fc351670752faa52e22abf74a04517.jpg
Kentish Plover,https://inaturalist-open-data.s3.amazonaws.com/photos/4777/small.jpg,679dea28cf007d0b420cfda2d36e2ee87e6895f4.jpg
Caspian Plover,https://inaturalist-open-data.s3.amazonaws.com/photos/23634/small.jpg,a54b3a81303a0d4a68811b95cff4edefd8fe5349.jpg
Little Ringed Plover,https://inaturalist-open-data.s3.amazonaws.com/photos/8957/small.jpg,0e05a213e4809b859eedf7ac822a98b237aaf52d.jpg
Common Ringed Plover,https://inaturalist-open-data.s3.amazonaws.com/photos/8955/small.jpg,d8ca62b763f30b1332132c89a46c66aaf65ba5b6.jpg
Greater Sand Plover,https://inaturalist-open-data.s3.amazonaws.com/photos/23625/small.jpg,eea1bc8d8d5473142e120f3a346e927029b267de.jpg
White-fronted Plover,https://inaturalist-open-data.s3.amazonaws.com/photos/23636/small.jpg,d749f47eb647ca5dc9571ca880723bb6fd54ddc2.jpg
Lesser Sand-Plover,https://inaturalist-open-data.s3.amazonaws.com/photos/23618/small.jpg,4ee7f67fefca96e0cae3a4fdccd5ba21297d0d37.jpg
Chestnut-banded Plover,https://inaturalist-open-data.s3.amazonaws.com/photos/23632/small.jpg,9e2a472ede4647272a6a22bcb413eda605c90dff.jpg
Kittlitz's Plover,https://inaturalist-open-data.s3.amazonaws.com/photos/23658/small.jpg,e19837a4c6cdbb115424fec828df217cbfa0b4d3.jpg
Three-banded Plover,https://inaturalist-open-data.s3.amazonaws.com/photos/23638/small.jpg,e398325d6d3527b8b218fec1edb7b4c88ca6615a.jpg
Blacksmith Lapwing,https://inaturalist-open-data.s3.amazonaws.com/photos/7414/small.jpg,a0cc2b45b21e5955eaa9fbcd911992d4311ebc3a.jpg
Crowned Lapwing,https://inaturalist-open-data.s3.amazonaws.com/photos/7421/small.jpg,30c20b6fa06f024c623f18dc48b08c4e0a3f796a.jpg
Long-toed Lapwing,https://inaturalist-open-data.s3.amazonaws.com/photos/33171/small.jpg,06a13ceb99d7ad28efeceb5ed03c6b22ee72d23a.jpg
Senegal Lapwing,https://inaturalist-open-data.s3.amazonaws.com/photos/291990/small.jpg,7da2b64bce8e951d8bec9aaa7f0e358cf644063f.jpg
Black-winged Lapwing,https://inaturalist-open-data.s3.amazonaws.com/photos/633508/small.jpg,d255e04ac1f20890bf019f3222065657ea746a87.jpg
African Wattled Lapwing,https://inaturalist-open-data.s3.amazonaws.com/photos/31892/small.jpg,1ed2fcd9ae6490a55fb0a10447de837f2a4f9891.jpg
Spur-winged Lapwing,https://inaturalist-open-data.s3.amazonaws.com/photos/8192/small.jpg,e308aa2df215f8115eb5c89d9b5c0643d639c991.jpg
Brown-chested Lapwing,https://www.inaturalist.org/assets/iconic_taxa/aves-75px.png,767f6ed1267c8b7694ddb6cb4203ad5c20484929.jpg
Black-headed Lapwing,https://inaturalist-open-data.s3.amazonaws.com/photos/31907/small.jpg,a00ad8d4de9a16602bc60912d915204735750db8.jpg
Pacific Golden-Plover,https://inaturalist-open-data.s3.amazonaws.com/photos/5800/small.jpg,e6f75fa56db74e81f63b3cf589ee807071948d2d.jpg
Black-bellied Plover,https://inaturalist-open-data.s3.amazonaws.com/photos/5802/small.jpg,ec43ef345a20b22876fd911918f0426700ec5e7a.jpg
Spotted Thick-knee,https://inaturalist-open-data.s3.amazonaws.com/photos/171774/small.jpg,8b881cb24b67048953f0575cf9a4dd5be23c9503.jpg
Senegal Thick-knee,https://inaturalist-open-data.s3.amazonaws.com/photos/686360/small.jpg,107521b6044aed362fdf153450db29c250dc8e99.jpg
Water Thick-knee,https://inaturalist-open-data.s3.amazonaws.com/photos/666581/small.jpg,54f5bb594a1e4b0bb8aa641ab86e22b7479eda99.jpg
Crab Plover,https://inaturalist-open-data.s3.amazonaws.com/photos/3467/small.jpg,bd9650ddc4a09a3c889b01cd0916720ba9ffaba9.jpg
European Oystercatcher,https://inaturalist-open-data.s3.amazonaws.com/photos/4701/small.jpg,2f25e572540425a95af1e245a2953f2819426c50.jpg
Black-winged Stilt,https://inaturalist-open-data.s3.amazonaws.com/photos/3621/small.jpg,3e1d9c4686db212914b76cd5b77bd849c0b6a625.jpg
Pied Avocet,https://inaturalist-open-data.s3.amazonaws.com/photos/8186/small.jpg,6a12c7a0931d4262c1a784585e3ca571768f6378.jpg
Pomarine Jaeger,https://inaturalist-open-data.s3.amazonaws.com/photos/19752/small.jpg,f785734375d3db9f944174f779a9c944e83c5476.jpg
Great Crested Grebe,https://inaturalist-open-data.s3.amazonaws.com/photos/3247/small.jpg,929691bb81093f7525ca14c93e9f96b2aa2a4de9.jpg
Eared Grebe,https://inaturalist-open-data.s3.amazonaws.com/photos/1562/small.jpg,5a42f23ad6c20709d38b5b13665d4f7f522748bf.jpg
Little Grebe,https://inaturalist-open-data.s3.amazonaws.com/photos/8844/small.jpg,88178b26ce4a17c0c206798a05a4b82b1ea68ec6.jpg
Wedge-tailed Shearwater,https://inaturalist-open-data.s3.amazonaws.com/photos/20021/small.jpg,2544150ac713960c58031d35e88f88b6adc4c76b.jpg
Matsudaira's Storm-Petrel,https://inaturalist-open-data.s3.amazonaws.com/photos/232431/small.jpg,72071f360bd2630df65bd83b0914986501180fe4.jpg
Wilson's Storm-Petrel,https://inaturalist-open-data.s3.amazonaws.com/photos/17828/small.jpg,617f1c18d37b4f5246d5b8461ff2036587f61fc0.jpg
Black-bellied Storm-Petrel,https://inaturalist-open-data.s3.amazonaws.com/photos/232435/small.jpg,3c7b9f6c0be32ffcc4ec0532e37806196e65cb31.jpg
African Spoonbill,https://inaturalist-open-data.s3.amazonaws.com/photos/333406/small.JPG,8a385913a8bf117018fb88416c891123cdbbdc5c.jpg
African Sacred Ibis,https://inaturalist-open-data.s3.amazonaws.com/photos/29838/small.jpg,01c07923827b581cf0721022d33aff40ee7cf501.jpg
Hadada,https://inaturalist-open-data.s3.amazonaws.com/photos/20790/small.jpg,c701905d54bac23a9589bc8523cf702cbcb333ee.jpg
Olive Ibis,https://inaturalist-open-data.s3.amazonaws.com/photos/963671/small.jpg,750e61cc29051bab1ca5419dd55b508b1feec4d0.jpg
Glossy Ibis,https://inaturalist-open-data.s3.amazonaws.com/photos/149019/small.jpg,79bc10e98204be7302c61af2324c8fbbc152d86d.jpg
Hamerkop,https://inaturalist-open-data.s3.amazonaws.com/photos/7908/small.jpg,06078178b53d6d6aec8de14099581532aa71b210.jpg
Great White Pelican,https://inaturalist-open-data.s3.amazonaws.com/photos/16027/small.jpg,590fd7deea6ca1ccb89b8b13a4e7bc0ac592229f.jpg
Pink-backed Pelican,https://inaturalist-open-data.s3.amazonaws.com/photos/16030/small.jpg,6627916dd703b0399b3646993ff3456fdd8ca1c2.jpg
Black Heron,https://inaturalist-open-data.s3.amazonaws.com/photos/21821/small.jpg,bdfb670c543443b1335bae33642c1d7e9bf06ddb.jpg
Little Egret,https://inaturalist-open-data.s3.amazonaws.com/photos/7789/small.jpg,a49fa4d60848b72af8789de9e979ccb0fcd5933a.jpg
Western Reef Egret,https://inaturalist-open-data.s3.amazonaws.com/photos/4936/small.jpg,537da08b2ffb8799db14c9a803185512174afab3.jpg
Grey Heron,https://inaturalist-open-data.s3.amazonaws.com/photos/3573/small.jpg,5487be153684cfa08a90ad55c4a3d82bc01eb4b2.jpg
Goliath Heron,https://inaturalist-open-data.s3.amazonaws.com/photos/7627/small.jpg,2615377efd0e60d00e1f3ee7d7c490a278368d73.jpg
Black-headed Heron,https://inaturalist-open-data.s3.amazonaws.com/photos/7630/small.jpg,d9ed56538af0ecb66345731ccfafc76921c8bbef.jpg
Purple Heron,https://inaturalist-open-data.s3.amazonaws.com/photos/7625/small.jpg,17f02dd3e83da4e9e2888a1e1c49115bde483568.jpg
Madagascar Pond Heron,https://inaturalist-open-data.s3.amazonaws.com/photos/135677/small.jpg,97b9827b6eda27a072f56b1d4637a4f01ed8dbcb.jpg
Squacco Heron,https://inaturalist-open-data.s3.amazonaws.com/photos/31944/small.jpg,556ea6ae780a98abd17e5343cdfedbc9b69307db.jpg
Rufous-bellied Heron,https://inaturalist-open-data.s3.amazonaws.com/photos/25786/small.jpg,baabf56766ec5b81644ad52ce54feb18104b1f55.jpg
Little Bittern,https://inaturalist-open-data.s3.amazonaws.com/photos/8859/small.jpg,7523eba9aac29db58cbc9ba15d98e17a761e47c0.jpg
Dwarf Bittern,https://inaturalist-open-data.s3.amazonaws.com/photos/89122/small.jpg,cde861f7d7ff4cb9252b43c92157b57c1b7a804f.jpg
Cattle Egret,https://www.inaturalist.org/assets/iconic_taxa/aves-75px.png,767f6ed1267c8b7694ddb6cb4203ad5c20484929.jpg
Intermediate Egret,https://inaturalist-open-data.s3.amazonaws.com/photos/776662/small.jpg,29cdc9ef75c03e92e486ad559b49a2baf12181c4.jpg
White-backed Night-heron,https://inaturalist-open-data.s3.amazonaws.com/photos/732764/small.jpg,8a181f412b9d03e087ae2d77068d802d41229f30.jpg
Shoebill,https://inaturalist-open-data.s3.amazonaws.com/photos/16032/small.jpg,48890edf25b543732d6daa382117a952898be090.jpg
Lesser Kestrel,https://inaturalist-open-data.s3.amazonaws.com/photos/665540/small.jpg,35c1e69bee65343bea816426a63cce21430fc465.jpg
Amur Falcon,https://inaturalist-open-data.s3.amazonaws.com/photos/19792/small.jpg,77cd593a2a9b4ed969c61f7aec29c2e8737aebc4.jpg
Grey Kestrel,https://inaturalist-open-data.s3.amazonaws.com/photos/665407/small.jpg,f8b33dfd78b68cb02de2c99e5d59395147b36816.jpg
Lanner Falcon,https://inaturalist-open-data.s3.amazonaws.com/photos/19788/small.jpg,4979c96185749e149be7daa27558367a17d35ffa.jpg
Saker Falcon,https://inaturalist-open-data.s3.amazonaws.com/photos/19794/small.jpg,346bc13082a3cfa2fe05174a5282d4a24ee85b25.jpg
Red-necked Falcon,https://inaturalist-open-data.s3.amazonaws.com/photos/19780/small.jpg,f0a06bf5cd488c4ea2f1a1de276b652c16723fd5.jpg
African Hobby,https://inaturalist-open-data.s3.amazonaws.com/photos/188605/small.jpg,22757056b7be1e5d577c7ca4f118c79659d0f7bb.jpg
Dickinson's Kestrel,https://inaturalist-open-data.s3.amazonaws.com/photos/961887/small.jpg,88e3a0e5ec7679be4a47d055e6f08ac2896174e5.jpg
Taita Falcon,https://inaturalist-open-data.s3.amazonaws.com/photos/782451/small.jpg,c30382f2694d34b79c4c066a6a05d6fdc332d847.jpg
Peregrine Falcon,https://inaturalist-open-data.s3.amazonaws.com/photos/1022/small.jpg,1f238932ec998e3b96b7a5d16b63df96aecde4b7.jpg
Greater Kestrel,https://inaturalist-open-data.s3.amazonaws.com/photos/43717/small.jpg,f9fe8dc45a80c5905ec2854bde67dcd8fc53362f.jpg
Eurasian Kestrel,https://inaturalist-open-data.s3.amazonaws.com/photos/8853/small.jpg,97d9cb49233a7847fc200d7e5e330e51b7cd161c.jpg
Red-footed Falcon,https://inaturalist-open-data.s3.amazonaws.com/photos/19777/small.jpg,445b967ca735697f51e146b8e9da870389df408a.jpg
African Pygmy Falcon,https://inaturalist-open-data.s3.amazonaws.com/photos/782457/small.jpg,82012d4e0992eb13183b905eec29e7cfbe7e2c11.jpg
Fulvous Whistling-Duck,https://inaturalist-open-data.s3.amazonaws.com/photos/9159/small.jpg,f074249b1b462a64e6c79061aae52925ca6f94a7.jpg
White-faced Whistling Duck,https://inaturalist-open-data.s3.amazonaws.com/photos/21846/small.jpg,62bbb6a457a18456d3d29746d513bc5b50f184c8.jpg
White-backed Duck,https://inaturalist-open-data.s3.amazonaws.com/photos/135982/small.jpg,c3909ad2c88638962783b07dae75cc9f722723aa.jpg
Cape Teal,https://inaturalist-open-data.s3.amazonaws.com/photos/782508/small.jpg,4587a771a72673103eb328119771f1f69f0774ea.jpg
Green-winged Teal,https://inaturalist-open-data.s3.amazonaws.com/photos/1768/small.jpg,e1429a7ac75013cf27291df609e5da8c81026afa.jpg
Red-billed Teal,https://inaturalist-open-data.s3.amazonaws.com/photos/669087/small.jpg,e09aec89d9334431203445678733fbf283493f37.jpg
Hottentot Teal,https://inaturalist-open-data.s3.amazonaws.com/photos/164325/small.jpg,55d27118dadd625df4d963fc78bb83cd0168030d.jpg
Eurasian Wigeon,https://inaturalist-open-data.s3.amazonaws.com/photos/993/small.jpg,acde136a919d189c58defd7f21b17973543b3ba6.jpg
Mallard,https://inaturalist-open-data.s3.amazonaws.com/photos/1106/small.jpg,fcdaad21ac4476ec2757847a50a60e642bf78dca.jpg
Garganey,https://inaturalist-open-data.s3.amazonaws.com/photos/8980/small.jpg,b519bccf13fa55ddb80777a96968d52f1c7ddbed.jpg
African Black Duck,https://inaturalist-open-data.s3.amazonaws.com/photos/164319/small.jpg,1da008ea3c71bbc2029baa0f9ffb8c56ccdc31d8.jpg
Gadwall,https://inaturalist-open-data.s3.amazonaws.com/photos/1882/small.jpg,fd0490439fedcc6b07b6b7d4df2c60d1bc001e0b.jpg
yellow-billed duck,https://inaturalist-open-data.s3.amazonaws.com/photos/26122/small.jpg,6e6675d64c65c1aea85f6ba3616c52b6e5f8259a.jpg
Common Pochard,https://inaturalist-open-data.s3.amazonaws.com/photos/8985/small.jpg,524c58195b8096adf4943ca1cbb544b6b136a036.jpg
Tufted Duck,https://inaturalist-open-data.s3.amazonaws.com/photos/1377/small.jpg,24b20c3ac742f2eaeb5b34f3abb82f53f28b526d.jpg
Maccoa Duck,https://inaturalist-open-data.s3.amazonaws.com/photos/21992/small.jpg,5c7111aff65d874c4abbf31f5d4da5810b1f9dab.jpg
Southern Pochard,https://inaturalist-open-data.s3.amazonaws.com/photos/309899/small.jpg,1b2356bed4bbeab23bdeee05416ed574d561be41.jpg
African Pygmy-Goose,https://inaturalist-open-data.s3.amazonaws.com/photos/103688/small.jpg,c595dc4ebf4f639bef24cdc1d07b2bcc22766dc2.jpg
Spur-winged Goose,https://inaturalist-open-data.s3.amazonaws.com/photos/32048/small.jpg,c70d0c511297a3d613532f14db9a92e15ad37585.jpg
Comb Duck,https://inaturalist-open-data.s3.amazonaws.com/photos/31942/small.jpg,b1ccf1e40adc28589173ee8348fcfe202924b598.jpg
Eastern Imperial Eagle,https://inaturalist-open-data.s3.amazonaws.com/photos/26266/small.jpg,856ad27e1221da7ceaf265096e4f404dc9b4d264.jpg
Steppe Eagle,https://inaturalist-open-data.s3.amazonaws.com/photos/26276/small.jpg,d40c30bab022376340e50230dde5115470ae80bb.jpg
Tawny Eagle,https://inaturalist-open-data.s3.amazonaws.com/photos/26272/small.jpg,043ff7051645830a9cfee9d56d4f3398ada2842b.jpg
Verreaux's Eagle,https://inaturalist-open-data.s3.amazonaws.com/photos/148457/small.jpg,9055be5577b6415a357064fd1cb02cc873ce4c60.jpg
Shikra,https://inaturalist-open-data.s3.amazonaws.com/photos/26284/small.jpg,b3cd96f1ac55de57436b90b0ee61d66047fa3daf.jpg
Levant Sparrowhawk,https://inaturalist-open-data.s3.amazonaws.com/photos/1004687/small.jpg,758e43a1b02ce7af9e4bfef3a9863291de1d54cd.jpg
Black Goshawk,https://inaturalist-open-data.s3.amazonaws.com/photos/188587/small.jpg,30795bb31000e2e387a4ecb1bd48797ac1565e25.jpg
Little Sparrowhawk,https://inaturalist-open-data.s3.amazonaws.com/photos/756972/small.jpg,bef49940092d13c6f9902690441d8bfe29fe11f8.jpg
Eurasian Sparrowhawk,https://inaturalist-open-data.s3.amazonaws.com/photos/6932/small.jpg,06cf0bf0fac9ee97d94215043ddbc28aecf1754d.jpg
Ovampo Sparrowhawk,https://inaturalist-open-data.s3.amazonaws.com/photos/188586/small.jpg,a8a01d463f7e5b1c3fb9530ec75bf49dcdbd3e02.jpg
Rufous-chested Sparrowhawk,https://inaturalist-open-data.s3.amazonaws.com/photos/188588/small.jpg,a1d4a11e9c568ab5fe055a23a19aae26240a492f.jpg
African Goshawk,https://inaturalist-open-data.s3.amazonaws.com/photos/188584/small.jpg,263cb6f57ea7eacfe8302d8179a703586fda7218.jpg
Ayres's Hawk-Eagle,https://inaturalist-open-data.s3.amazonaws.com/photos/188589/small.jpg,6cd646e203319af6104eb1476cb7244824838c60.jpg
Western Marsh-Harrier,https://inaturalist-open-data.s3.amazonaws.com/photos/39834/small.jpg,0ee18be526d870db0f2028067d0467db085d8be5.jpg
Pale Harrier,https://inaturalist-open-data.s3.amazonaws.com/photos/26299/small.jpg,2ab19af7af828e08c07aecabf46de00d090f15a1.jpg
Montagu's Harrier,https://inaturalist-open-data.s3.amazonaws.com/photos/8974/small.jpg,12435c73ee4c3aa57a4ed4fcc65ad333b8bacd2f.jpg
African Marsh-Harrier,https://inaturalist-open-data.s3.amazonaws.com/photos/188591/small.jpg,6220d03e78a1ea7e2b95151274101e2e2f5c554f.jpg
Augur Buzzard,https://inaturalist-open-data.s3.amazonaws.com/photos/33147/small.jpg,13cadab371fa203501f280b7fffe113464e0b9ac.jpg
Common Buzzard,https://inaturalist-open-data.s3.amazonaws.com/photos/8862/small.jpg,51907dd7788c00abac82d703a0f2639108596ce8.jpg
Mountain Buzzard,https://inaturalist-open-data.s3.amazonaws.com/photos/770127/small.jpg,8f790a28e58a49a865e4e62bc63853a3a658f823.jpg
Long-legged Buzzard,https://inaturalist-open-data.s3.amazonaws.com/photos/26297/small.jpg,17ce52f5a08fcfffe94a6a88b79b255311ddefd8.jpg
Bateleur,https://inaturalist-open-data.s3.amazonaws.com/photos/767149/small.jpg,46b76f13c071b27f138905fff8778fda5357d9ff.jpg
Banded Snake-Eagle,https://inaturalist-open-data.s3.amazonaws.com/photos/188595/small.jpg,1f200da23cfe519f3d46c79690a1278969c6bb3a.jpg
Brown Snake Eagle,https://inaturalist-open-data.s3.amazonaws.com/photos/26040/small.jpg,8a35a911940d1a5f0699aa0c88f1558d0cb7a670.jpg
Fasciated Snake Eagle,https://www.inaturalist.org/assets/iconic_taxa/aves-75px.png,767f6ed1267c8b7694ddb6cb4203ad5c20484929.jpg
Short-toed Eagle,https://inaturalist-open-data.s3.amazonaws.com/photos/1004677/small.jpg,09b2472cc749415c23c863f2a83d5148b568119c.jpg
Black-breasted Snake Eagle,https://inaturalist-open-data.s3.amazonaws.com/photos/44932/small.jpg,610dade11602c9704884adc3f2a1083f72878fc1.jpg
African Harrier-Hawk,https://inaturalist-open-data.s3.amazonaws.com/photos/188599/small.jpg,1d0bd3b37205118dee528bca483b050889f1f700.jpg
African Cuckoo-Hawk,https://inaturalist-open-data.s3.amazonaws.com/photos/33683/small.jpg,93ca05eb70d6ef330082fdce8b22f438d2d2e981.jpg
Black Kite,https://inaturalist-open-data.s3.amazonaws.com/photos/3836/small.jpg,7763db8c56420847e72f9016bdb6f3a6aa52a06d.jpg
